Date,Open,High,Low,Close,Adj Close,Volume,Stock
2022-07-06,20194.61914,20595.53,19823.51,20548.24609,20548.24609,24598943708,BTCUSD
2022-07-07,20547.81445,21771.82,20296.1,21637.58789,21637.58789,25814972520,BTCUSD
2022-07-08,21637.1543,22314.94,21257.45,21731.11719,21731.11719,49899834488,BTCUSD
2022-07-09,21716.82813,21877.14,21445.96,21592.20703,21592.20703,29641127858,BTCUSD
2022-07-10,21591.08008,21591.08,20727.12,20860.44922,20860.44922,28688807249,BTCUSD
2022-07-11,20856.35352,20856.35,19924.54,19970.55664,19970.55664,24150249025,BTCUSD
2022-07-12,19970.47461,20043.45,19308.53,19323.91406,19323.91406,25810220018,BTCUSD
2022-07-13,19325.97266,20223.05,18999.95,20212.07422,20212.07422,33042430345,BTCUSD
2022-07-14,20211.4668,20789.89,19689.26,20569.91992,20569.91992,31158743333,BTCUSD
2022-07-15,20573.15625,21138.24,20397,20836.32813,20836.32813,25905575359,BTCUSD
2022-07-16,20834.10352,21514.4,20518.9,21190.31641,21190.31641,24302954056,BTCUSD
2022-07-17,21195.04102,21600.64,20778.18,20779.34375,20779.34375,22927802083,BTCUSD
2022-07-18,20781.91211,22633.03,20781.91,22485.68945,22485.68945,39974475562,BTCUSD
2022-07-19,22467.84961,23666.96,21683.41,23389.43359,23389.43359,48765202697,BTCUSD
2022-07-20,23393.19141,24196.82,23009.95,23231.73242,23231.73242,42932549127,BTCUSD
2022-07-21,23233.20117,23388.32,22431.15,23164.62891,23164.62891,33631012204,BTCUSD
2022-07-22,23163.75195,23671.93,22603.42,22714.97852,22714.97852,31421555646,BTCUSD
2022-07-23,22706.98438,22977.21,22002.91,22465.47852,22465.47852,24021799169,BTCUSD
2022-07-24,22465.50977,22974,22306.84,22609.16406,22609.16406,23565495303,BTCUSD
2022-07-25,22607.15625,22649.12,21361.64,21361.70117,21361.70117,35574561406,BTCUSD
2022-07-26,21361.12109,21361.12,20776.82,21239.75391,21239.75391,28624673855,BTCUSD
2022-07-27,21244.16992,22986.53,21070.81,22930.54883,22930.54883,31758955233,BTCUSD
2022-07-28,22933.64063,24110.47,22722.27,23843.88672,23843.88672,40212386158,BTCUSD
2022-07-29,23845.21289,24294.79,23481.17,23804.63281,23804.63281,35887249746,BTCUSD
2022-07-30,23796.81836,24572.58,23580.51,23656.20703,23656.20703,28148218301,BTCUSD
2022-07-31,23652.07031,24121.64,23275.7,23336.89648,23336.89648,23553591896,BTCUSD
2022-08-01,23336.71875,23464.79,22890.8,23314.19922,23314.19922,25849159141,BTCUSD
2022-08-02,23308.43359,23415.04,22710.08,22978.11719,22978.11719,28389250717,BTCUSD
2022-08-03,22981.30273,23578.65,22747.84,22846.50781,22846.50781,26288169966,BTCUSD
2022-08-04,22848.21484,23198.01,22485.7,22630.95703,22630.95703,25120229769,BTCUSD
2022-08-05,22626.83398,23422.83,22612.18,23289.31445,23289.31445,28881249043,BTCUSD
2022-08-06,23291.42383,23326.56,22961.28,22961.2793,22961.2793,15978259885,BTCUSD
2022-08-07,22963.50586,23359.01,22894.56,23175.89063,23175.89063,15886817043,BTCUSD
2022-08-08,23179.52734,24203.69,23176.55,23809.48633,23809.48633,28575544847,BTCUSD
2022-08-09,23811.48438,23898.62,22982,23164.31836,23164.31836,23555719219,BTCUSD
2022-08-10,23162.89844,24127.41,22771.52,23947.64258,23947.64258,32837431722,BTCUSD
2022-08-11,23948.3457,24822.63,23901,23957.5293,23957.5293,37127036580,BTCUSD
2022-08-12,23957.20313,24412.57,23657.27,24402.81836,24402.81836,27265804688,BTCUSD
2022-08-13,24402.1875,24860.05,24346.12,24424.06836,24424.06836,22987346289,BTCUSD
2022-08-14,24429.05664,24974.91,24206.26,24319.33398,24319.33398,22994133555,BTCUSD
2022-08-15,24318.31641,25135.59,23839.78,24136.97266,24136.97266,35123501685,BTCUSD
2022-08-16,24126.13672,24228.42,23733.5,23883.29102,23883.29102,27753685646,BTCUSD
2022-08-17,23881.31641,24407.06,23243.35,23335.99805,23335.99805,30931623076,BTCUSD
2022-08-18,23341.03906,23563.83,23177.6,23212.73828,23212.73828,23747613147,BTCUSD
2022-08-19,23213.3125,23213.31,20868.85,20877.55273,20877.55273,40509610260,BTCUSD
2022-08-20,20872.8418,21350.81,20856.73,21166.06055,21166.06055,27595671000,BTCUSD
2022-08-21,21160.39258,21668.85,21103.2,21534.12109,21534.12109,23102307723,BTCUSD
2022-08-22,21531.46289,21531.46,20939.18,21398.9082,21398.9082,31666498758,BTCUSD
2022-08-23,21401.04492,21646.2,20955.14,21528.08789,21528.08789,31878280659,BTCUSD
2022-08-24,21526.45508,21783.08,21195.01,21395.01953,21395.01953,31962253368,BTCUSD
2022-08-25,21395.45898,21789.64,21362.44,21600.9043,21600.9043,31028679593,BTCUSD
2022-08-26,21596.08594,21804.91,20199.48,20260.01953,20260.01953,42326789564,BTCUSD
2022-08-27,20262.48047,20340.78,19890.52,20041.73828,20041.73828,30116729776,BTCUSD
2022-08-28,20041.03516,20139.05,19616.81,19616.81445,19616.81445,24366810591,BTCUSD
2022-08-29,19615.1543,20357.46,19600.79,20297.99414,20297.99414,32637854078,BTCUSD
2022-08-30,20298.61133,20542.64,19617.64,19796.80859,19796.80859,34483360283,BTCUSD
2022-08-31,19799.58203,20420.99,19799.58,20049.76367,20049.76367,33225232872,BTCUSD
2022-09-01,20050.49805,20198.39,19653.97,20127.14063,20127.14063,30182031010,BTCUSD
2022-09-02,20126.07227,20401.57,19814.77,19969.77148,19969.77148,29123998928,BTCUSD
2022-09-03,19969.71875,20037.01,19698.36,19832.08789,19832.08789,23613051457,BTCUSD
2022-09-04,19832.4707,19999.69,19636.82,19986.71289,19986.71289,25245861652,BTCUSD
2022-09-05,19988.78906,20031.16,19673.05,19812.37109,19812.37109,28813460025,BTCUSD
2022-09-06,19817.72461,20155.27,18800.17,18837.66797,18837.66797,43403978910,BTCUSD
2022-09-07,18837.68359,19427.17,18644.47,19290.32422,19290.32422,35239757134,BTCUSD
2022-09-08,19289.94141,19417.35,19076.71,19329.83398,19329.83398,32194477850,BTCUSD
2022-09-09,19328.14063,21439.41,19310.96,21381.15234,21381.15234,48469528171,BTCUSD
2022-09-10,21376.91211,21760.28,21168.72,21680.53906,21680.53906,36913738894,BTCUSD
2022-09-11,21678.54297,21770.55,21406.95,21769.25586,21769.25586,34493951963,BTCUSD
2022-09-12,21770.14844,22439.18,21603.9,22370.44922,22370.44922,50212088965,BTCUSD
2022-09-13,22371.48047,22673.82,20062.67,20296.70703,20296.70703,51091116622,BTCUSD
2022-09-14,20184.55469,20467.2,19793.4,20241.08984,20241.08984,37872380889,BTCUSD
2022-09-15,20242.28906,20318.17,19636.73,19701.21094,19701.21094,36389011503,BTCUSD
2022-09-16,19704.00586,19870.63,19400.08,19772.58398,19772.58398,30123362273,BTCUSD
2022-09-17,19777.0332,20162.53,19777.03,20127.57617,20127.57617,24957448100,BTCUSD
2022-09-18,20127.23438,20127.23,19387.49,19419.50586,19419.50586,31254779144,BTCUSD
2022-09-19,19418.57227,19639.48,18390.32,19544.12891,19544.12891,40177002624,BTCUSD
2022-09-20,19545.5918,19602.46,18813.46,18890.78906,18890.78906,36791346508,BTCUSD
2022-09-21,18891.2832,19674.63,18290.31,18547.40039,18547.40039,46363793975,BTCUSD
2022-09-22,18534.65039,19456.91,18415.59,19413.55078,19413.55078,41135767926,BTCUSD
2022-09-23,19412.40039,19464.67,18617.55,19297.63867,19297.63867,38896078052,BTCUSD
2022-09-24,19296.99023,19310.2,18861.97,18937.01172,18937.01172,26149643168,BTCUSD
2022-09-25,18936.31055,19134.73,18696.47,18802.09766,18802.09766,23359966112,BTCUSD
2022-09-26,18803.90039,19274.87,18721.29,19222.67188,19222.67188,44148798321,BTCUSD
2022-09-27,19221.83984,20338.46,18915.67,19110.54688,19110.54688,58571439619,BTCUSD
2022-09-28,19104.62109,19688.34,18553.3,19426.7207,19426.7207,53071298734,BTCUSD
2022-09-29,19427.7793,19589.27,18924.35,19573.05078,19573.05078,41037843771,BTCUSD
2022-09-30,19573.43164,20109.85,19265.66,19431.78906,19431.78906,43975248085,BTCUSD
2022-10-01,19431.10547,19471.15,19231.08,19312.0957,19312.0957,18719537670,BTCUSD
2022-10-02,19311.84961,19370.31,18970.62,19044.10742,19044.10742,20765955327,BTCUSD
2022-10-03,19044.06836,19653.54,19025.23,19623.58008,19623.58008,30484729489,BTCUSD
2022-10-04,19623.58398,20380.34,19523.84,20336.84375,20336.84375,35887278685,BTCUSD
2022-10-05,20335.90039,20343.75,19801.8,20160.7168,20160.7168,33223790572,BTCUSD
2022-10-06,20161.03906,20408.39,19900.09,19955.44336,19955.44336,34711412966,BTCUSD
2022-10-07,19957.55859,20041.09,19395.79,19546.84961,19546.84961,29227315390,BTCUSD
2022-10-08,19546.32813,19601.7,19299.41,19416.56836,19416.56836,16437423167,BTCUSD
2022-10-09,19417.47852,19542.54,19349.26,19446.42578,19446.42578,16837262532,BTCUSD
2022-10-10,19446.41602,19515.47,19102.98,19141.48438,19141.48438,27425022774,BTCUSD
2022-10-11,19139,19241.96,18925.6,19051.41797,19051.41797,28711532910,BTCUSD
2022-10-12,19052.64648,19203.2,19029.76,19157.44531,19157.44531,24950173846,BTCUSD
2022-10-13,19156.9668,19453.33,18319.82,19382.9043,19382.9043,44219840004,BTCUSD
2022-10-14,19382.5332,19889.15,19115.41,19185.65625,19185.65625,38452356727,BTCUSD
2022-10-15,19185.4375,19212.54,19019.25,19067.63477,19067.63477,16192235532,BTCUSD
2022-10-16,19068.91406,19389.6,19068.91,19268.09375,19268.09375,17988916650,BTCUSD
2022-10-17,19268.5625,19635.8,19173.33,19550.75781,19550.75781,27472552998,BTCUSD
2022-10-18,19550.4668,19666.99,19144.77,19334.41602,19334.41602,30580012344,BTCUSD
2022-10-19,19335.02734,19348.42,19127.69,19139.53516,19139.53516,22425387184,BTCUSD
2022-10-20,19138.08594,19315.2,18971.46,19053.74023,19053.74023,24493974420,BTCUSD
2022-10-21,19053.20313,19237.38,18770.97,19172.46875,19172.46875,32459287866,BTCUSD
2022-10-22,19172.38086,19248.07,19132.24,19208.18945,19208.18945,16104440957,BTCUSD
2022-10-23,19207.73438,19646.65,19124.2,19567.00781,19567.00781,22128794335,BTCUSD
2022-10-24,19567.76953,19589.13,19206.32,19345.57227,19345.57227,30202235805,BTCUSD
2022-10-25,19344.96484,20348.41,19261.45,20095.85742,20095.85742,47761524910,BTCUSD
2022-10-26,20092.23633,20938.13,20076.12,20770.44141,20770.44141,58895950537,BTCUSD
2022-10-27,20772.80273,20854.04,20255.37,20285.83594,20285.83594,49625110402,BTCUSD
2022-10-28,20287.95703,20724.98,20086.07,20595.35156,20595.35156,43994715910,BTCUSD
2022-10-29,20595.10352,20988.39,20566.48,20818.47656,20818.47656,40369840645,BTCUSD
2022-10-30,20817.98242,20917.01,20547.46,20635.60352,20635.60352,31486345556,BTCUSD
2022-10-31,20633.69531,20795.32,20287.46,20495.77344,20495.77344,45668466815,BTCUSD
2022-11-01,20494.89844,20647.29,20359.85,20485.27344,20485.27344,39819303159,BTCUSD
2022-11-02,20482.95898,20742.81,20087.13,20159.50391,20159.50391,55552169483,BTCUSD
2022-11-03,20162.68945,20382.1,20086.24,20209.98828,20209.98828,43228750179,BTCUSD
2022-11-04,20208.76953,21209.56,20188.02,21147.23047,21147.23047,64072727950,BTCUSD
2022-11-05,21144.83203,21446.89,21097.63,21282.69141,21282.69141,37846047609,BTCUSD
2022-11-06,21285.05664,21345.38,20920.19,20926.48633,20926.48633,35082693210,BTCUSD
2022-11-07,20924.62109,21053.25,20489.97,20602.81641,20602.81641,53510852236,BTCUSD
2022-11-08,20600.67188,20664.61,17603.54,18541.27148,18541.27148,1.19E+11,BTCUSD
2022-11-09,18543.76172,18590.46,15682.69,15880.78027,15880.78027,1.03E+11,BTCUSD
2022-11-10,15883.1582,18054.31,15834.02,17586.77148,17586.77148,83202283721,BTCUSD
2022-11-11,17583.25195,17650.94,16543.48,17034.29297,17034.29297,55871616488,BTCUSD
2022-11-12,17036.875,17066.68,16651.78,16799.18555,16799.18555,29717699419,BTCUSD
2022-11-13,16799.72266,16920.77,16320.63,16353.36523,16353.36523,27209183682,BTCUSD
2022-11-14,16352.02832,17109.32,15872.94,16618.19922,16618.19922,49630243054,BTCUSD
2022-11-15,16617.48438,17051.96,16542.55,16884.61328,16884.61328,36599436183,BTCUSD
2022-11-16,16884.3418,16960.29,16430.11,16669.43945,16669.43945,33925512989,BTCUSD
2022-11-17,16670.42578,16726.44,16460.68,16687.51758,16687.51758,27868914022,BTCUSD
2022-11-18,16687.91211,16947.06,16564.61,16697.77734,16697.77734,26862218609,BTCUSD
2022-11-19,16696.2207,16797.88,16570.41,16711.54688,16711.54688,16106223492,BTCUSD
2022-11-20,16712.91992,16746.78,16248.69,16291.83203,16291.83203,21313378652,BTCUSD
2022-11-21,16291.22363,16291.22,15599.05,15787.28418,15787.28418,37429485518,BTCUSD
2022-11-22,15782.30078,16253.05,15656.61,16189.76953,16189.76953,30726828760,BTCUSD
2022-11-23,16195.58887,16638.19,16170.5,16610.70703,16610.70703,32958875628,BTCUSD
2022-11-24,16611.63672,16771.47,16501.77,16604.46484,16604.46484,26129037414,BTCUSD
2022-11-25,16602.26953,16603.32,16388.4,16521.8418,16521.8418,18678255976,BTCUSD
2022-11-26,16521.57617,16666.86,16416.23,16464.28125,16464.28125,18000008764,BTCUSD
2022-11-27,16463.88281,16594.41,16437.03,16444.62695,16444.62695,20443898509,BTCUSD
2022-11-28,16440.22266,16482.93,16054.53,16217.32227,16217.32227,27743025156,BTCUSD
2022-11-29,16217.63965,16522.26,16139.4,16444.98242,16444.98242,23581685468,BTCUSD
2022-11-30,16445.47656,17190.94,16445.48,17168.56641,17168.56641,29523576583,BTCUSD
2022-12-01,17168.00195,17197.5,16888.39,16967.13281,16967.13281,22895392882,BTCUSD
2022-12-02,16968.68359,17088.66,16877.88,17088.66016,17088.66016,19539705127,BTCUSD
2022-12-03,17090.09766,17116.04,16888.14,16908.23633,16908.23633,16217776704,BTCUSD
2022-12-04,16908.16992,17157.77,16903.44,17130.48633,17130.48633,16824520830,BTCUSD
2022-12-05,17128.89453,17378.15,16922.43,16974.82617,16974.82617,22209086834,BTCUSD
2022-12-06,16975.23828,17091.86,16939.92,17089.50391,17089.50391,19889922369,BTCUSD
2022-12-07,17089.50586,17109.38,16750.56,16848.12695,16848.12695,19675404389,BTCUSD
2022-12-08,16847.34961,17267.92,16788.78,17233.47461,17233.47461,20496603770,BTCUSD
2022-12-09,17232.14844,17280.55,17100.84,17133.15234,17133.15234,20328426366,BTCUSD
2022-12-10,17134.2207,17216.83,17120.68,17128.72461,17128.72461,12706781969,BTCUSD
2022-12-11,17129.71094,17245.63,17091.82,17104.19336,17104.19336,14122486832,BTCUSD
2022-12-12,17102.5,17212.56,16899.39,17206.4375,17206.4375,19617581341,BTCUSD
2022-12-13,17206.44141,17930.09,17111.76,17781.31836,17781.31836,26634741631,BTCUSD
2022-12-14,17782.06641,18318.53,17739.51,17815.65039,17815.65039,25534481470,BTCUSD
2022-12-15,17813.64453,17846.74,17322.59,17364.86523,17364.86523,20964448341,BTCUSD
2022-12-16,17364.54688,17505.53,16584.7,16647.48438,16647.48438,24031608960,BTCUSD
2022-12-17,16646.98242,16800.59,16614.03,16795.0918,16795.0918,14463581825,BTCUSD
2022-12-18,16795.60938,16815.39,16697.82,16757.97656,16757.97656,10924354698,BTCUSD
2022-12-19,16759.04102,16807.53,16398.14,16439.67969,16439.67969,17221074814,BTCUSD
2022-12-20,16441.78711,17012.98,16427.87,16906.30469,16906.30469,22722096615,BTCUSD
2022-12-21,16904.52734,16916.8,16755.91,16817.53516,16817.53516,14882945045,BTCUSD
2022-12-22,16818.38086,16866.67,16592.41,16830.3418,16830.3418,16441573050,BTCUSD
2022-12-23,16829.64453,16905.22,16794.46,16796.95313,16796.95313,15329265213,BTCUSD
2022-12-24,16796.97656,16864.7,16793.53,16847.75586,16847.75586,9744636213,BTCUSD
2022-12-25,16847.50586,16860.55,16755.25,16841.98633,16841.98633,11656379938,BTCUSD
2022-12-26,16842.25,16920.12,16812.37,16919.80469,16919.80469,11886957804,BTCUSD
2022-12-27,16919.29102,16959.85,16642.07,16717.17383,16717.17383,15748580239,BTCUSD
2022-12-28,16716.40039,16768.17,16497.56,16552.57227,16552.57227,17005713920,BTCUSD
2022-12-29,16552.32227,16651.76,16508.68,16642.3418,16642.3418,14472237479,BTCUSD
2022-12-30,16641.33008,16643.43,16408.47,16602.58594,16602.58594,15929162910,BTCUSD
2022-12-31,16603.67383,16628.99,16517.52,16547.49609,16547.49609,11239186456,BTCUSD
2023-01-01,16547.91406,16630.44,16521.23,16625.08008,16625.08008,9244361700,BTCUSD
2023-01-02,16625.50977,16759.34,16572.23,16688.4707,16688.4707,12097775227,BTCUSD
2023-01-03,16688.84766,16760.45,16622.37,16679.85742,16679.85742,13903079207,BTCUSD
2023-01-04,16680.20508,16964.59,16667.76,16863.23828,16863.23828,18421743322,BTCUSD
2023-01-05,16863.47266,16884.02,16790.28,16836.73633,16836.73633,13692758566,BTCUSD
2023-01-06,16836.47266,16991.99,16716.42,16951.96875,16951.96875,14413662913,BTCUSD
2023-01-07,16952.11719,16975.02,16914.19,16955.07813,16955.07813,7714767174,BTCUSD
2023-01-08,16954.14648,17091.14,16924.05,17091.14453,17091.14453,9768827914,BTCUSD
2023-01-09,17093.99219,17389.96,17093.99,17196.55469,17196.55469,18624736866,BTCUSD
2023-01-10,17192.94922,17484.72,17162.99,17446.29297,17446.29297,15808338949,BTCUSD
2023-01-11,17446.35938,17934.9,17337.99,17934.89648,17934.89648,18372283782,BTCUSD
2023-01-12,18117.59375,19030.09,17995.2,18869.58789,18869.58789,34971338710,BTCUSD
2023-01-13,18868.90625,19964.32,18753.16,19909.57422,19909.57422,29225029694,BTCUSD
2023-01-14,19910.53711,21075.14,19907.83,20976.29883,20976.29883,38967784639,BTCUSD
2023-01-15,20977.48438,20993.75,20606.99,20880.79883,20880.79883,19298407543,BTCUSD
2023-01-16,20882.22461,21360.88,20715.75,21169.63281,21169.63281,26792494050,BTCUSD
2023-01-17,21175.83398,21438.66,20978.53,21161.51953,21161.51953,24999983362,BTCUSD
2023-01-18,21161.05078,21564.5,20541.54,20688.78125,20688.78125,30005625418,BTCUSD
2023-01-19,20686.74609,21163.01,20685.38,21086.79297,21086.79297,21152848261,BTCUSD
2023-01-20,21085.37305,22692.36,20919.13,22676.55273,22676.55273,28799154319,BTCUSD
2023-01-21,22677.42773,23282.35,22511.83,22777.625,22777.625,32442278429,BTCUSD
2023-01-22,22777.98633,23056.73,22387.9,22720.41602,22720.41602,24746386230,BTCUSD
2023-01-23,22721.08789,23126.49,22654.3,22934.43164,22934.43164,26518700512,BTCUSD
2023-01-24,22929.62695,23134.01,22549.74,22636.46875,22636.46875,26405069715,BTCUSD
2023-01-25,22639.26758,23722.1,22406.08,23117.85938,23117.85938,30685366709,BTCUSD
2023-01-26,23108.95508,23237.08,22911.37,23032.77734,23032.77734,26357839322,BTCUSD
2023-01-27,23030.7168,23417.72,22654.59,23078.72852,23078.72852,25383335641,BTCUSD
2023-01-28,23079.96484,23165.9,22908.85,23031.08984,23031.08984,14712928379,BTCUSD
2023-01-29,23031.44922,23919.89,22985.07,23774.56641,23774.56641,27423687259,BTCUSD
2023-01-30,23774.64844,23789.35,22657.58,22840.13867,22840.13867,27205595568,BTCUSD
2023-01-31,22840.79688,23225.02,22765.57,23139.2832,23139.2832,22837828665,BTCUSD
2023-02-01,23137.83594,23764.54,22877.75,23723.76953,23723.76953,26683255504,BTCUSD
2023-02-02,23720.82422,24167.21,23468.6,23471.87109,23471.87109,32066936882,BTCUSD
2023-02-03,23469.41211,23678.1,23279.96,23449.32227,23449.32227,27083066007,BTCUSD
2023-02-04,23446.32031,23556.95,23291.79,23331.84766,23331.84766,15639298538,BTCUSD
2023-02-05,23332.24805,23423.44,22841.76,22955.66602,22955.66602,19564262605,BTCUSD
2023-02-06,22954.02148,23119.28,22692.03,22760.10938,22760.10938,23825006542,BTCUSD
2023-02-07,22757.26758,23310.97,22756.26,23264.29102,23264.29102,27187964471,BTCUSD
2023-02-08,23263.41602,23367.96,22731.1,22939.39844,22939.39844,25371367758,BTCUSD
2023-02-09,22946.56641,22996.44,21773.97,21819.03906,21819.03906,32572572185,BTCUSD
2023-02-10,21819.00586,21941.19,21539.39,21651.18359,21651.18359,27078406594,BTCUSD
2023-02-11,21651.8418,21891.41,21618.45,21870.875,21870.875,16356226232,BTCUSD
2023-02-12,21870.90234,22060.99,21682.83,21788.20313,21788.20313,17821046406,BTCUSD
2023-02-13,21787,21898.41,21460.09,21808.10156,21808.10156,23918742607,BTCUSD
2023-02-14,21801.82227,22293.14,21632.39,22220.80469,22220.80469,26792596581,BTCUSD
2023-02-15,22220.58594,24307.84,22082.77,24307.8418,24307.8418,32483312909,BTCUSD
2023-02-16,24307.34961,25134.12,23602.52,23623.47461,23623.47461,39316664596,BTCUSD
2023-02-17,23621.2832,24924.04,23460.76,24565.60156,24565.60156,41358451255,BTCUSD
2023-02-18,24565.29688,24798.84,24468.37,24641.27734,24641.27734,19625427158,BTCUSD
2023-02-19,24640.02734,25093.05,24327.64,24327.64258,24327.64258,25555105670,BTCUSD
2023-02-20,24336.62305,25020.46,23927.91,24829.14844,24829.14844,28987376573,BTCUSD
2023-02-21,24833.04883,25126.85,24200.36,24436.35352,24436.35352,31252098714,BTCUSD
2023-02-22,24437.41797,24472.34,23644.32,24188.84375,24188.84375,30199996781,BTCUSD
2023-02-23,24190.71875,24572.09,23693.92,23947.49219,23947.49219,30476264066,BTCUSD
2023-02-24,23946.00781,24103.71,23007.07,23198.12695,23198.12695,26811744928,BTCUSD
2023-02-25,23200.125,23210.21,22861.56,23175.375,23175.375,16100721565,BTCUSD
2023-02-26,23174.15039,23654.37,23084.22,23561.21289,23561.21289,16644534842,BTCUSD
2023-02-27,23561.45117,23857.89,23205.88,23522.87109,23522.87109,22660763494,BTCUSD
2023-02-28,23521.83789,23585.38,23077.65,23147.35352,23147.35352,20535363434,BTCUSD
2023-03-01,23150.92969,23880.63,23088.63,23646.55078,23646.55078,24662841200,BTCUSD
2023-03-02,23647.01953,23739.14,23245.02,23475.4668,23475.4668,20386398516,BTCUSD
2023-03-03,23476.63281,23479.35,22213.24,22362.67969,22362.67969,26062404610,BTCUSD
2023-03-04,22362.92383,22405.18,22198.98,22353.34961,22353.34961,11166012913,BTCUSD
2023-03-05,22354.14453,22613.69,22307.14,22435.51367,22435.51367,13317001733,BTCUSD
2023-03-06,22436.81641,22584.29,22331.31,22429.75781,22429.75781,17353192895,BTCUSD
2023-03-07,22428.32227,22527.42,22011.26,22219.76953,22219.76953,22765452204,BTCUSD
2023-03-08,22216.44141,22268.9,21708.05,21718.08008,21718.08008,22536575684,BTCUSD
2023-03-09,21720.08008,21802.72,20210.31,20363.02148,20363.02148,30364664171,BTCUSD
2023-03-10,20367.00195,20370.6,19628.25,20187.24414,20187.24414,39578257695,BTCUSD
2023-03-11,20187.87695,20792.53,20068.66,20632.41016,20632.41016,30180288176,BTCUSD
2023-03-12,20628.0293,22185.03,20448.81,22163.94922,22163.94922,29279035521,BTCUSD
2023-03-13,22156.40625,24550.84,21918.2,24197.5332,24197.5332,49466362688,BTCUSD
2023-03-14,24201.76563,26514.72,24081.18,24746.07422,24746.07422,54622230164,BTCUSD
2023-03-15,24770.92578,25240.62,23964.91,24375.96094,24375.96094,43655701450,BTCUSD
2023-03-16,24373.45703,25190.33,24225.11,25052.78906,25052.78906,33866061747,BTCUSD
2023-03-17,25055.12305,27787.81,24955.17,27423.92969,27423.92969,50730261335,BTCUSD
2023-03-18,27448.11719,27725.95,26636.26,26965.87891,26965.87891,35723036817,BTCUSD
2023-03-19,26969.50391,28440.56,26907.72,28038.67578,28038.67578,37769448859,BTCUSD
2023-03-20,28041.60156,28527.72,27242.88,27767.23633,27767.23633,44774027664,BTCUSD
2023-03-21,27768.39258,28439.56,27439.65,28175.81641,28175.81641,36102192830,BTCUSD
2023-03-22,28158.7207,28803.34,26760,27307.4375,27307.4375,33382021890,BTCUSD
2023-03-23,27301.95703,28729.84,27183.36,28333.97266,28333.97266,24220433689,BTCUSD
2023-03-24,28324.11133,28388.44,27039.27,27493.28516,27493.28516,25980310960,BTCUSD
2023-03-25,27487.33789,27791.83,27196.23,27494.70703,27494.70703,13383005987,BTCUSD
2023-03-26,27495.52344,28178.14,27445.05,27994.33008,27994.33008,13878363192,BTCUSD
2023-03-27,27994.06836,28037.93,26606.69,27139.88867,27139.88867,18188895178,BTCUSD
2023-03-28,27132.88867,27460.72,26677.82,27268.13086,27268.13086,17783600385,BTCUSD
2023-03-29,27267.03125,28619.54,27259.66,28348.44141,28348.44141,20684945906,BTCUSD
2023-03-30,28350.14063,29159.9,27720.16,28033.5625,28033.5625,22435349951,BTCUSD
2023-03-31,28032.26172,28639.9,27583.71,28478.48438,28478.48438,19001327598,BTCUSD
2023-04-01,28473.33203,28802.46,28297.17,28411.03516,28411.03516,10876469901,BTCUSD
2023-04-02,28462.8457,28518.96,27884.09,28199.30859,28199.30859,12284641999,BTCUSD
2023-04-03,28183.08008,28475.62,27276.72,27790.2207,27790.2207,19556501327,BTCUSD
2023-04-04,27795.27344,28433.74,27681.3,28168.08984,28168.08984,15284538859,BTCUSD
2023-04-05,28169.72656,28739.24,27843.76,28177.98438,28177.98438,17052315986,BTCUSD
2023-04-06,28175.22656,28178.38,27738.76,28044.14063,28044.14063,13837809380,BTCUSD
2023-04-07,28038.9668,28111.59,27794.03,27925.85938,27925.85938,10861680497,BTCUSD
2023-04-08,27920.51367,28159.86,27883.39,27947.79492,27947.79492,9373255556,BTCUSD
2023-04-09,27952.36719,28532.83,27828.48,28333.05078,28333.05078,12175322951,BTCUSD
2023-04-10,28336.02734,29771.46,28189.27,29652.98047,29652.98047,19282400094,BTCUSD
2023-04-11,29653.67969,30509.08,29609.3,30235.05859,30235.05859,20121259843,BTCUSD
2023-04-12,30231.58203,30462.48,29725.57,30139.05273,30139.05273,18651929926,BTCUSD
2023-04-13,29892.74023,30539.85,29878.62,30399.06641,30399.06641,17487721001,BTCUSD
2023-04-14,30409.5625,31005.61,30044.5,30485.69922,30485.69922,22659995079,BTCUSD
2023-04-15,30490.75,30601.74,30245.88,30318.49609,30318.49609,11940685378,BTCUSD
2023-04-16,30315.97656,30555.54,30157.83,30315.35547,30315.35547,12854816417,BTCUSD
2023-04-17,30317.14648,30319.2,29275.37,29445.04492,29445.04492,17872186762,BTCUSD
2023-04-18,29449.0918,30470.3,29154.85,30397.55273,30397.55273,19480529496,BTCUSD
2023-04-19,30394.1875,30411.05,28669.9,28822.67969,28822.67969,24571565421,BTCUSD
2023-04-20,28823.68359,29076.4,28037.26,28245.98828,28245.98828,21340360360,BTCUSD
2023-04-21,28249.23047,28349.97,27177.37,27276.91016,27276.91016,20759504330,BTCUSD
2023-04-22,27265.89453,27872.14,27169.57,27817.5,27817.5,13125734602,BTCUSD
2023-04-23,27816.14453,27820.24,27400.31,27591.38477,27591.38477,12785446832,BTCUSD
2023-04-24,27591.73047,27979.98,27070.85,27525.33984,27525.33984,17703288330,BTCUSD
2023-04-25,27514.87305,28371.08,27207.93,28307.59766,28307.59766,17733373139,BTCUSD
2023-04-26,28300.05859,29995.84,27324.55,28422.70117,28422.70117,31854242019,BTCUSD
2023-04-27,28428.46484,29871.55,28402.89,29473.78711,29473.78711,27153445027,BTCUSD
2023-04-28,29481.01367,29572.79,28929.61,29340.26172,29340.26172,17544464887,BTCUSD
2023-04-29,29336.56641,29452.46,29088.04,29248.48828,29248.48828,10662634333,BTCUSD
2023-04-30,29245.51563,29952.03,29114.02,29268.80664,29268.80664,14652199272,BTCUSD
2023-05-01,29227.10352,29329.94,27680.79,28091.56836,28091.56836,18655599976,BTCUSD
2023-05-02,28087.17578,28881.3,27924.12,28680.53711,28680.53711,16432924527,BTCUSD
2023-05-03,28680.49414,29259.53,28178.39,29006.30859,29006.30859,19122972518,BTCUSD
2023-05-04,29031.30469,29353.19,28694.04,28847.71094,28847.71094,15548678514,BTCUSD
2023-05-05,28851.48047,29668.91,28845.51,29534.38477,29534.38477,17936566518,BTCUSD
2023-05-06,29538.85938,29820.13,28468.97,28904.62305,28904.62305,15913866714,BTCUSD
2023-05-07,28901.62305,29157.52,28441.37,28454.97852,28454.97852,11301355486,BTCUSD
2023-05-08,28450.45703,28663.27,27310.13,27694.27344,27694.27344,19122903752,BTCUSD
2023-05-09,27695.06836,27821.4,27375.6,27658.77539,27658.77539,14128593256,BTCUSD
2023-05-10,27654.63672,28322.69,26883.67,27621.75586,27621.75586,20656025026,BTCUSD
2023-05-11,27621.08594,27621.94,26781.83,27000.78906,27000.78906,16724343943,BTCUSD
2023-05-12,26987.66211,27055.65,25878.43,26804.99023,26804.99023,19313599897,BTCUSD
2023-05-13,26807.76953,27030.48,26710.87,26784.07813,26784.07813,9999171605,BTCUSD
2023-05-14,26788.97461,27150.98,26661.36,26930.63867,26930.63867,10014858959,BTCUSD
2023-05-15,26931.38477,27646.35,26766.1,27192.69336,27192.69336,14413231792,BTCUSD
2023-05-16,27171.51367,27299.3,26878.95,27036.65039,27036.65039,12732238816,BTCUSD
2023-05-17,27035.4707,27465.93,26600.14,27398.80273,27398.80273,15140006925,BTCUSD
2023-05-18,27401.65039,27466.53,26415.1,26832.20898,26832.20898,15222938600,BTCUSD
2023-05-19,26826.75391,27128.62,26700.21,26890.12891,26890.12891,11258983301,BTCUSD
2023-05-20,26888.8418,27155.16,26843.28,27129.58594,27129.58594,7044911360,BTCUSD
2023-05-21,27118.42383,27265.92,26706.92,26753.82617,26753.82617,8647416921,BTCUSD
2023-05-22,26749.89258,27045.73,26549.73,26851.27734,26851.27734,11056770492,BTCUSD
2023-05-23,26855.96094,27434.68,26816.18,27225.72656,27225.72656,13697203143,BTCUSD
2023-05-24,27224.60352,27224.6,26106.58,26334.81836,26334.81836,16299104428,BTCUSD
2023-05-25,26329.46094,26591.52,25890.59,26476.20703,26476.20703,13851122697,BTCUSD
2023-05-26,26474.18164,26916.67,26343.95,26719.29102,26719.29102,12711619225,BTCUSD
2023-05-27,26720.18164,26888.88,26621.14,26868.35352,26868.35352,7892015141,BTCUSD
2023-05-28,26871.1582,28193.45,26802.75,28085.64648,28085.64648,14545229578,BTCUSD
2023-05-29,28075.5918,28432.04,27563.88,27745.88477,27745.88477,15181308984,BTCUSD
2023-05-30,27745.12305,28044.76,27588.5,27702.34961,27702.34961,13251081851,BTCUSD
2023-05-31,27700.5293,27831.68,26866.45,27219.6582,27219.6582,15656371534,BTCUSD
2023-06-01,27218.41211,27346.11,26671.72,26819.97266,26819.97266,14678970415,BTCUSD
2023-06-02,26824.55664,27303.86,26574.64,27249.58984,27249.58984,14837415000,BTCUSD
2023-06-03,27252.32422,27317.05,26958,27075.12891,27075.12891,8385597470,BTCUSD
2023-06-04,27075.12305,27407.02,26968.22,27119.06641,27119.06641,9360912318,BTCUSD
2023-06-05,27123.10938,27129.98,25445.17,25760.09766,25760.09766,21513292646,BTCUSD
2023-06-06,25732.10938,27313.82,25434.87,27238.7832,27238.7832,21929670693,BTCUSD
2023-06-07,27235.65039,27332.18,26146.99,26345.99805,26345.99805,19530045082,BTCUSD
2023-06-08,26347.6543,26797.51,26246.66,26508.2168,26508.2168,11904824295,BTCUSD
2023-06-09,26505.92383,26770.29,26339.31,26480.375,26480.375,11015551640,BTCUSD
2023-06-10,26481.76172,26531.04,25501.84,25851.24023,25851.24023,19872933189,BTCUSD
2023-06-11,25854.03125,26203.44,25668.99,25940.16797,25940.16797,10732609603,BTCUSD
2023-06-12,25934.28516,26087.92,25675.2,25902.5,25902.5,11677889997,BTCUSD
2023-06-13,25902.94141,26376.35,25728.37,25918.72852,25918.72852,14143474486,BTCUSD
2023-06-14,25920.25781,26041.8,24902.15,25124.67578,25124.67578,14265717766,BTCUSD
2023-06-15,25121.67383,25735.31,24797.17,25576.39453,25576.39453,15837384409,BTCUSD
2023-06-16,25575.2832,26463.17,25245.36,26327.46289,26327.46289,16324646965,BTCUSD
2023-06-17,26328.67969,26769.39,26174.49,26510.67578,26510.67578,11090276850,BTCUSD
2023-06-18,26510.45703,26675.93,26325.89,26336.21289,26336.21289,9565695129,BTCUSD
2023-06-19,26335.44141,26984.61,26312.83,26851.0293,26851.0293,12826986222,BTCUSD
2023-06-20,26841.66406,28388.97,26668.79,28327.48828,28327.48828,22211859147,BTCUSD
2023-06-21,28311.31055,30737.33,28283.41,30027.29688,30027.29688,33346760979,BTCUSD
2023-06-22,29995.93555,30496,29679.16,29912.28125,29912.28125,20653160491,BTCUSD
2023-06-23,29896.38281,31389.54,29845.21,30695.46875,30695.46875,24115570085,BTCUSD
2023-06-24,30708.73828,30804.15,30290.15,30548.69531,30548.69531,12147822496,BTCUSD
2023-06-25,30545.15039,31041.27,30327.94,30480.26172,30480.26172,12703464114,BTCUSD
2023-06-26,30480.52344,30636.03,29955.74,30271.13086,30271.13086,16493186997,BTCUSD
2023-06-27,30274.32031,31006.79,30236.65,30688.16406,30688.16406,16428827944,BTCUSD
2023-06-28,30696.56055,30703.28,29921.82,30086.24609,30086.24609,14571500779,BTCUSD
2023-06-29,30086.1875,30796.25,30057.2,30445.35156,30445.35156,13180860821,BTCUSD
2023-06-30,30441.35352,31256.86,29600.28,30477.25195,30477.25195,26387306197,BTCUSD
2023-07-01,30471.84766,30641.29,30328.87,30590.07813,30590.07813,9086606733,BTCUSD
2023-07-02,30587.26953,30766.14,30264.02,30620.76953,30620.76953,10533418042,BTCUSD
2023-07-03,30624.51563,31375.61,30586.51,31156.43945,31156.43945,15271884873,BTCUSD
2023-07-04,31156.86523,31325.2,30659.36,30777.58203,30777.58203,12810828427,BTCUSD
2023-07-05,30778.72461,30877.33,30225.61,30514.16602,30514.16602,12481622280,BTCUSD
2023-07-06,30484.32617,30645.94,30380.54,30645.93945,30645.93945,12970773504,BTCUSD
2022-07-06,1134.822266,1193.64,1116.25,1186.973999,1186.973999,15373536703,ETHUSD
2022-07-07,1186.960938,1246.89,1165.62,1237.593384,1237.593384,14230795894,ETHUSD
2022-07-08,1237.580322,1262.89,1200.63,1222.506226,1222.506226,16315929082,ETHUSD
2022-07-09,1222.306885,1228.77,1209.38,1216.978271,1216.978271,8821353104,ETHUSD
2022-07-10,1216.904419,1216.9,1157.18,1168.401611,1168.401611,10984558039,ETHUSD
2022-07-11,1168.139038,1169.19,1095,1097.236572,1097.236572,12064180410,ETHUSD
2022-07-12,1097.259155,1097.26,1038.14,1038.19165,1038.19165,12583282453,ETHUSD
2022-07-13,1038.186646,1113.59,1019.22,1113.587158,1113.587158,18302588147,ETHUSD
2022-07-14,1113.515747,1202.95,1077.41,1191.526245,1191.526245,16688640823,ETHUSD
2022-07-15,1191.674805,1275.78,1182.9,1233.12915,1233.12915,17411448225,ETHUSD
2022-07-16,1232.791626,1377.94,1195.61,1352.626465,1352.626465,18364013796,ETHUSD
2022-07-17,1353.205078,1378.42,1329.76,1338.635742,1338.635742,16079711737,ETHUSD
2022-07-18,1338.80603,1578.72,1338.81,1578.717896,1578.717896,27440420623,ETHUSD
2022-07-19,1578.383911,1607.03,1501.8,1542.97522,1542.97522,27753529276,ETHUSD
2022-07-20,1542.954346,1612.65,1500.8,1520.200684,1520.200684,22942708340,ETHUSD
2022-07-21,1520.374512,1595.76,1472.19,1576.749512,1576.749512,20009556587,ETHUSD
2022-07-22,1576.745361,1641.21,1523.64,1537.405151,1537.405151,18926100582,ETHUSD
2022-07-23,1536.457397,1591.63,1495.68,1549.297485,1549.297485,14998811383,ETHUSD
2022-07-24,1549.222534,1654.43,1548.67,1599.476685,1599.476685,17217849557,ETHUSD
2022-07-25,1599.157227,1605.34,1445.38,1445.383423,1445.383423,20585056021,ETHUSD
2022-07-26,1445.151123,1445.15,1362.95,1441.806763,1441.806763,18238563509,ETHUSD
2022-07-27,1443.726807,1636.8,1423.62,1636.232666,1636.232666,23007524016,ETHUSD
2022-07-28,1636.231934,1774.58,1604.89,1725.46814,1725.46814,27231399966,ETHUSD
2022-07-29,1725.623901,1759.88,1662.79,1727.406982,1727.406982,23249531113,ETHUSD
2022-07-30,1727.06189,1738.02,1678.11,1695.969482,1695.969482,15576977870,ETHUSD
2022-07-31,1695.884766,1745.88,1672.61,1681.517334,1681.517334,14200735370,ETHUSD
2022-08-01,1681.445557,1700.17,1613.42,1635.195801,1635.195801,16191371176,ETHUSD
2022-08-02,1634.645874,1672.63,1567.85,1632.945435,1632.945435,20426082309,ETHUSD
2022-08-03,1633.05127,1678.1,1595.63,1618.874512,1618.874512,16786218830,ETHUSD
2022-08-04,1618.886719,1658.51,1585.33,1608.205811,1608.205811,14467440626,ETHUSD
2022-08-05,1607.523926,1732.25,1606.5,1732.254639,1732.254639,18546491876,ETHUSD
2022-08-06,1732.661133,1744.33,1691.66,1691.658081,1691.658081,11757911705,ETHUSD
2022-08-07,1691.777954,1724.79,1672.91,1699.35083,1699.35083,10252090340,ETHUSD
2022-08-08,1699.693481,1806.89,1697.41,1775.516113,1775.516113,16841424404,ETHUSD
2022-08-09,1776.071289,1786.12,1675.85,1703.025024,1703.025024,16368619692,ETHUSD
2022-08-10,1702.906494,1869.4,1665.09,1851.742676,1851.742676,23512477984,ETHUSD
2022-08-11,1851.828369,1927.94,1851.83,1881.224121,1881.224121,23826986482,ETHUSD
2022-08-12,1880.89917,1957.55,1860.08,1957.24646,1957.24646,17168141904,ETHUSD
2022-08-13,1957.333984,2013.76,1948.6,1981.336548,1981.336548,16038975216,ETHUSD
2022-08-14,1981.782471,2022.79,1919.01,1936.802002,1936.802002,14062754456,ETHUSD
2022-08-15,1936.760498,2007.21,1881.86,1904.228149,1904.228149,20349931313,ETHUSD
2022-08-16,1902.83313,1910.75,1862.27,1878.139404,1878.139404,15637578930,ETHUSD
2022-08-17,1877.934326,1951.68,1823.53,1832.999634,1832.999634,20308508124,ETHUSD
2022-08-18,1833.715576,1876.38,1826.96,1847.007813,1847.007813,14999352229,ETHUSD
2022-08-19,1847.095337,1847.1,1611.34,1612.987305,1612.987305,25906358731,ETHUSD
2022-08-20,1612.650635,1652.22,1534.3,1577.003784,1577.003784,18334580263,ETHUSD
2022-08-21,1576.543579,1640.94,1569.05,1619.31897,1619.31897,15849221752,ETHUSD
2022-08-22,1619.16687,1622.78,1535.01,1622.505859,1622.505859,18557078599,ETHUSD
2022-08-23,1622.939331,1666.68,1569.43,1662.769897,1662.769897,18322041914,ETHUSD
2022-08-24,1662.695435,1686.56,1610.1,1657.059204,1657.059204,16780932907,ETHUSD
2022-08-25,1657.336548,1718.18,1656.86,1696.457031,1696.457031,14818795695,ETHUSD
2022-08-26,1696.324585,1698.56,1498.77,1507.782837,1507.782837,26713710143,ETHUSD
2022-08-27,1508.156982,1517.15,1454.28,1491.39502,1491.39502,18120831899,ETHUSD
2022-08-28,1491.206787,1505.79,1430.55,1430.547363,1430.547363,12823572918,ETHUSD
2022-08-29,1430.439453,1556.31,1427.73,1553.037354,1553.037354,17965837488,ETHUSD
2022-08-30,1553.188965,1600.46,1480.83,1523.838867,1523.838867,21835784470,ETHUSD
2022-08-31,1524.286499,1612.36,1524.29,1553.684937,1553.684937,20591680941,ETHUSD
2022-09-01,1553.756348,1593.08,1520.19,1586.176758,1586.176758,16434276817,ETHUSD
2022-09-02,1586.017944,1643.18,1551.88,1577.220459,1577.220459,17708478709,ETHUSD
2022-09-03,1577.213745,1579.45,1541.67,1556.872681,1556.872681,9516825994,ETHUSD
2022-09-04,1556.895874,1578.01,1543.7,1577.641602,1577.641602,8884144998,ETHUSD
2022-09-05,1577.884033,1621.66,1559.78,1617.183228,1617.183228,13060541168,ETHUSD
2022-09-06,1617.240234,1680.6,1561.75,1561.748535,1561.748535,22946059125,ETHUSD
2022-09-07,1560.906738,1651.05,1500.01,1629.906372,1629.906372,19560363854,ETHUSD
2022-09-08,1629.805176,1655.06,1603.06,1635.347656,1635.347656,17621046717,ETHUSD
2022-09-09,1635.187744,1735.81,1632.84,1719.085449,1719.085449,20242323690,ETHUSD
2022-09-10,1718.961304,1784.5,1710.3,1776.203735,1776.203735,13130928217,ETHUSD
2022-09-11,1775.976074,1782.73,1730.16,1761.800049,1761.800049,12464301922,ETHUSD
2022-09-12,1762.084839,1778.16,1698.29,1713.765259,1713.765259,17688391310,ETHUSD
2022-09-13,1713.962524,1745.78,1564.03,1580.787964,1580.787964,23066821734,ETHUSD
2022-09-14,1574.858154,1642.16,1564.03,1634.755005,1634.755005,17897150206,ETHUSD
2022-09-15,1635.083008,1648.95,1466.14,1471.693481,1471.693481,26946275878,ETHUSD
2022-09-16,1471.928345,1480.56,1415.58,1432.447754,1432.447754,16764804299,ETHUSD
2022-09-17,1432.876465,1473.06,1415.04,1469.741699,1469.741699,10798098671,ETHUSD
2022-09-18,1469.705444,1469.71,1331.49,1335.329102,1335.329102,15762284723,ETHUSD
2022-09-19,1335.270752,1388.27,1287.42,1377.541382,1377.541382,18712714223,ETHUSD
2022-09-20,1377.619019,1381.97,1319.2,1324.388184,1324.388184,14722317220,ETHUSD
2022-09-21,1324.215576,1384.48,1229.43,1252.607788,1252.607788,20643507800,ETHUSD
2022-09-22,1251.567383,1336.16,1240.97,1327.680176,1327.680176,18461527259,ETHUSD
2022-09-23,1327.481201,1353.29,1270.2,1328.259521,1328.259521,18771106339,ETHUSD
2022-09-24,1328.244629,1346.26,1312.64,1317.993286,1317.993286,12098209717,ETHUSD
2022-09-25,1317.938477,1333.37,1275.63,1294.216797,1294.216797,11802651633,ETHUSD
2022-09-26,1294.386108,1335.53,1282.05,1335.32019,1335.32019,16034549271,ETHUSD
2022-09-27,1335.337036,1396.89,1308.99,1330.127686,1330.127686,17870598937,ETHUSD
2022-09-28,1329.541382,1351.96,1267.87,1337.410889,1337.410889,18994979566,ETHUSD
2022-09-29,1337.554443,1348.11,1293.19,1335.652344,1335.652344,13796915736,ETHUSD
2022-09-30,1335.646484,1368.74,1320.38,1327.978638,1327.978638,14250100093,ETHUSD
2022-10-01,1328.193726,1332.52,1306.1,1311.644409,1311.644409,6227961237,ETHUSD
2022-10-02,1311.753418,1316.33,1275.34,1276.093506,1276.093506,7578351650,ETHUSD
2022-10-03,1276.163452,1326.55,1271.15,1323.439209,1323.439209,10153070907,ETHUSD
2022-10-04,1323.27832,1364.97,1320.08,1362.126587,1362.126587,10139774963,ETHUSD
2022-10-05,1361.9729,1362.45,1320.86,1352.837158,1352.837158,9774451820,ETHUSD
2022-10-06,1352.806641,1380.4,1349.45,1351.709473,1351.709473,12033514861,ETHUSD
2022-10-07,1351.836426,1359.33,1321.75,1332.516968,1332.516968,10061619355,ETHUSD
2022-10-08,1332.371338,1335.95,1307.07,1315.500488,1315.500488,5804676208,ETHUSD
2022-10-09,1315.460205,1327.67,1309.34,1322.604248,1322.604248,5486230123,ETHUSD
2022-10-10,1322.618652,1335.66,1291.34,1291.337646,1291.337646,8794491050,ETHUSD
2022-10-11,1291.109619,1296.27,1272.74,1279.575684,1279.575684,9274845260,ETHUSD
2022-10-12,1279.7323,1303.08,1277.53,1294.906372,1294.906372,8355638578,ETHUSD
2022-10-13,1294.917358,1297.56,1209.28,1288.123901,1288.123901,17499038202,ETHUSD
2022-10-14,1288.048706,1339.74,1285.38,1297.422119,1297.422119,13113767755,ETHUSD
2022-10-15,1297.305908,1300.75,1268.47,1274.871704,1274.871704,6798512624,ETHUSD
2022-10-16,1275.005493,1312.63,1275.01,1306.296631,1306.296631,7491625206,ETHUSD
2022-10-17,1306.30957,1335.65,1297.45,1331.713623,1331.713623,9401189650,ETHUSD
2022-10-18,1331.669922,1339.09,1291.66,1310.447021,1310.447021,10416747806,ETHUSD
2022-10-19,1310.56311,1312.44,1283.97,1285.744263,1285.744263,8350692785,ETHUSD
2022-10-20,1285.660278,1307.86,1275.32,1283.200928,1283.200928,9009111996,ETHUSD
2022-10-21,1283.18811,1305.08,1260.67,1299.946411,1299.946411,10412565245,ETHUSD
2022-10-22,1299.902344,1317.1,1295.95,1314.299194,1314.299194,7175324564,ETHUSD
2022-10-23,1314.249512,1367.76,1302.91,1363.447021,1363.447021,9909510925,ETHUSD
2022-10-24,1363.491821,1368.43,1327.85,1344.998535,1344.998535,13092820173,ETHUSD
2022-10-25,1344.711304,1509.99,1336.98,1461.665405,1461.665405,25367291294,ETHUSD
2022-10-26,1461.133179,1584.64,1460.43,1566.56665,1566.56665,32705548427,ETHUSD
2022-10-27,1566.841431,1574.4,1510.82,1514.374878,1514.374878,22813499245,ETHUSD
2022-10-28,1514.32312,1568.63,1493.87,1555.477905,1555.477905,19974623205,ETHUSD
2022-10-29,1555.274658,1652.38,1549.98,1619.698486,1619.698486,21618154775,ETHUSD
2022-10-30,1619.697876,1637.04,1579.49,1590.783325,1590.783325,13930073427,ETHUSD
2022-10-31,1590.481323,1630.45,1555.92,1572.714478,1572.714478,19306919714,ETHUSD
2022-11-01,1572.645386,1606.61,1568.1,1579.70459,1579.70459,14507311208,ETHUSD
2022-11-02,1579.497925,1613.41,1507.24,1519.711792,1519.711792,23254218281,ETHUSD
2022-11-03,1519.724854,1556.76,1517.1,1531.541748,1531.541748,14248351007,ETHUSD
2022-11-04,1531.397583,1661.33,1529.27,1645.093384,1645.093384,20806964347,ETHUSD
2022-11-05,1645.156494,1660.49,1625.96,1627.968018,1627.968018,11006973190,ETHUSD
2022-11-06,1627.901123,1634.13,1572.23,1572.234741,1572.234741,11632744705,ETHUSD
2022-11-07,1572.016968,1604.48,1550.42,1568.591309,1568.591309,15279963349,ETHUSD
2022-11-08,1568.32959,1574.8,1259.44,1332.835571,1332.835571,42048003440,ETHUSD
2022-11-09,1333.122437,1335.74,1083.29,1100.1698,1100.1698,38864492427,ETHUSD
2022-11-10,1100.107178,1341.79,1093.12,1299.4646,1299.4646,28581002122,ETHUSD
2022-11-11,1298.882446,1302.3,1211.33,1287.221069,1287.221069,20920539099,ETHUSD
2022-11-12,1287.438354,1288.15,1242.15,1255.268311,1255.268311,10964962767,ETHUSD
2022-11-13,1255.441284,1271.71,1208.52,1221.819214,1221.819214,10717455214,ETHUSD
2022-11-14,1221.895508,1284.22,1178.43,1241.604248,1241.604248,15028035663,ETHUSD
2022-11-15,1241.677734,1283.2,1238.69,1251.736206,1251.736206,11798011594,ETHUSD
2022-11-16,1251.808838,1264.49,1192.99,1215.602539,1215.602539,11939561598,ETHUSD
2022-11-17,1215.848633,1224.97,1189.15,1200.808594,1200.808594,9723646871,ETHUSD
2022-11-18,1200.802124,1226.74,1200.8,1212.300293,1212.300293,7979913378,ETHUSD
2022-11-19,1212.215454,1227.84,1200.48,1218.426758,1218.426758,5978745776,ETHUSD
2022-11-20,1218.436279,1224.08,1137.93,1142.466675,1142.466675,9651002684,ETHUSD
2022-11-21,1142.395752,1142.4,1084.86,1108.353027,1108.353027,14080099208,ETHUSD
2022-11-22,1107.895996,1136.44,1081.14,1135.173462,1135.173462,12040670755,ETHUSD
2022-11-23,1135.421509,1185,1130.02,1183.199585,1183.199585,11242676044,ETHUSD
2022-11-24,1183.345093,1211.63,1180.38,1203.983154,1203.983154,9706372376,ETHUSD
2022-11-25,1203.799438,1203.8,1174.82,1198.925903,1198.925903,5483308196,ETHUSD
2022-11-26,1198.790527,1227.04,1198.1,1205.897949,1205.897949,5074160558,ETHUSD
2022-11-27,1205.905273,1220.35,1195.04,1195.126953,1195.126953,4486976868,ETHUSD
2022-11-28,1194.960327,1198.74,1156.06,1170.086182,1170.086182,7275411870,ETHUSD
2022-11-29,1169.87439,1222.16,1163.48,1216.901245,1216.901245,7639405818,ETHUSD
2022-11-30,1216.928711,1302.04,1215.5,1295.688599,1295.688599,9836925304,ETHUSD
2022-12-01,1295.769531,1296,1267.71,1276.273926,1276.273926,6857935276,ETHUSD
2022-12-02,1276.328613,1294.3,1269.24,1294.303345,1294.303345,6213645709,ETHUSD
2022-12-03,1294.456543,1299.84,1241.43,1243.334839,1243.334839,5672609405,ETHUSD
2022-12-04,1243.219238,1281.49,1242.91,1280.256592,1280.256592,5174128454,ETHUSD
2022-12-05,1279.998901,1302.24,1252.47,1259.676758,1259.676758,6120359523,ETHUSD
2022-12-06,1259.854248,1271.92,1247.63,1271.653809,1271.653809,5089212680,ETHUSD
2022-12-07,1271.553101,1272.69,1224.45,1232.4375,1232.4375,5752205180,ETHUSD
2022-12-08,1232.451782,1286.23,1226.36,1281.116333,1281.116333,6227269815,ETHUSD
2022-12-09,1281.077271,1290.06,1260.82,1264.28479,1264.28479,5706183865,ETHUSD
2022-12-10,1264.375488,1279.53,1262.12,1266.384155,1266.384155,3282499999,ETHUSD
2022-12-11,1266.417847,1281.78,1260.66,1263.86853,1263.86853,3362005848,ETHUSD
2022-12-12,1263.573486,1275.61,1243.48,1274.619019,1274.619019,5151109364,ETHUSD
2022-12-13,1274.662476,1341.44,1258.47,1320.549194,1320.549194,8812883119,ETHUSD
2022-12-14,1320.688599,1346.17,1305.83,1309.328735,1309.328735,7830915428,ETHUSD
2022-12-15,1309.190796,1311.07,1262.69,1266.353882,1266.353882,6032859783,ETHUSD
2022-12-16,1266.460571,1278.16,1162.18,1168.259399,1168.259399,9297811507,ETHUSD
2022-12-17,1168.066772,1189.05,1165.41,1188.149536,1188.149536,5077258586,ETHUSD
2022-12-18,1188.12854,1194.21,1176.19,1184.71521,1184.71521,3350092519,ETHUSD
2022-12-19,1184.758301,1192.92,1160.38,1167.609863,1167.609863,4943628091,ETHUSD
2022-12-20,1167.88269,1224.09,1165.6,1217.703613,1217.703613,6684951715,ETHUSD
2022-12-21,1217.586426,1218.19,1206.44,1213.599976,1213.599976,4217182733,ETHUSD
2022-12-22,1213.672607,1221.99,1187.13,1218.182129,1218.182129,5297471739,ETHUSD
2022-12-23,1218.079346,1227,1215.99,1220.159424,1220.159424,4835831923,ETHUSD
2022-12-24,1220.11792,1224.91,1216.34,1221.14856,1221.14856,2626153345,ETHUSD
2022-12-25,1221.171509,1223.52,1203.72,1218.962036,1218.962036,3942720070,ETHUSD
2022-12-26,1218.920166,1226.97,1214.34,1226.974365,1226.974365,3282098400,ETHUSD
2022-12-27,1226.987061,1230.42,1205.9,1212.791626,1212.791626,4091530737,ETHUSD
2022-12-28,1212.736572,1213.13,1185.7,1189.986084,1189.986084,4991669631,ETHUSD
2022-12-29,1190.010132,1204.14,1188.36,1201.595337,1201.595337,4132233940,ETHUSD
2022-12-30,1201.56958,1202.03,1187.46,1199.232788,1199.232788,4055668253,ETHUSD
2022-12-31,1199.360107,1205.09,1194.2,1196.77124,1196.77124,3018513333,ETHUSD
2023-01-01,1196.713623,1203.48,1192.89,1200.964844,1200.964844,2399674550,ETHUSD
2023-01-02,1201.103271,1219.86,1195.21,1214.656616,1214.656616,3765758498,ETHUSD
2023-01-03,1214.744019,1219.1,1207.49,1214.778809,1214.778809,3392972131,ETHUSD
2023-01-04,1214.718628,1264.81,1213.17,1256.526611,1256.526611,6404416893,ETHUSD
2023-01-05,1256.484619,1258.57,1245.17,1250.438599,1250.438599,4001786456,ETHUSD
2023-01-06,1250.458984,1273.22,1240.95,1269.379028,1269.379028,4977252792,ETHUSD
2023-01-07,1269.4198,1270.6,1262.27,1264.270386,1264.270386,2565213548,ETHUSD
2023-01-08,1264.181885,1287.36,1260.23,1287.359497,1287.359497,3495088905,ETHUSD
2023-01-09,1287.450806,1342.14,1286.68,1321.53894,1321.53894,7990438824,ETHUSD
2023-01-10,1321.395508,1342.76,1318.53,1336.58606,1336.58606,5830173253,ETHUSD
2023-01-11,1336.486816,1387.93,1323.58,1387.932739,1387.932739,6314904311,ETHUSD
2023-01-12,1405.35144,1432.28,1378.42,1417.938477,1417.938477,12230193038,ETHUSD
2023-01-13,1417.946167,1461.67,1404.02,1451.614868,1451.614868,7684148212,ETHUSD
2023-01-14,1451.428467,1563.74,1450.99,1550.706909,1550.706909,15444626014,ETHUSD
2023-01-15,1550.731567,1556.95,1520.89,1552.479492,1552.479492,6774614499,ETHUSD
2023-01-16,1552.519287,1594.04,1529.57,1576.833496,1576.833496,8454485431,ETHUSD
2023-01-17,1577.107422,1594,1553.34,1567.846069,1567.846069,7599462786,ETHUSD
2023-01-18,1567.698975,1602.11,1509.42,1515.506958,1515.506958,10354880595,ETHUSD
2023-01-19,1515.249634,1557.97,1514.38,1552.556519,1552.556519,6432638856,ETHUSD
2023-01-20,1552.373657,1659.89,1544.92,1659.75415,1659.75415,8528894754,ETHUSD
2023-01-21,1659.706055,1674.18,1626.81,1627.118164,1627.118164,8859250310,ETHUSD
2023-01-22,1627.365967,1658.02,1612.09,1628.38208,1628.38208,7517988734,ETHUSD
2023-01-23,1628.550781,1641.22,1607.9,1628.251099,1628.251099,8264507375,ETHUSD
2023-01-24,1627.848267,1639.72,1551.39,1556.604248,1556.604248,8180274691,ETHUSD
2023-01-25,1556.807495,1632.24,1530.8,1611.71106,1611.71106,10598973448,ETHUSD
2023-01-26,1611.080933,1626.2,1586.6,1603.105957,1603.105957,8395315241,ETHUSD
2023-01-27,1603.080078,1617,1565.24,1598.156494,1598.156494,8124465373,ETHUSD
2023-01-28,1598.125366,1604.7,1565.39,1572.435059,1572.435059,5803653357,ETHUSD
2023-01-29,1572.629517,1653.72,1568.98,1646.15564,1646.15564,8801292300,ETHUSD
2023-01-30,1646.147705,1646.65,1546.66,1567.326538,1567.326538,9180418120,ETHUSD
2023-01-31,1567.419922,1598.52,1563.8,1586.5354,1586.5354,6585191019,ETHUSD
2023-02-01,1586.488159,1644.73,1566.86,1641.792725,1641.792725,8116969489,ETHUSD
2023-02-02,1641.365967,1704.46,1641.32,1643.241577,1643.241577,10558081069,ETHUSD
2023-02-03,1642.904663,1670.7,1634.22,1664.745605,1664.745605,8169519805,ETHUSD
2023-02-04,1664.47229,1690.1,1648.19,1667.059204,1667.059204,5843302512,ETHUSD
2023-02-05,1667.166504,1671.77,1616.39,1631.645874,1631.645874,6926696531,ETHUSD
2023-02-06,1631.645264,1653.72,1611.32,1616.24707,1616.24707,6919871886,ETHUSD
2023-02-07,1616.009644,1673.8,1614.86,1672.00354,1672.00354,8030277434,ETHUSD
2023-02-08,1671.905273,1688.53,1635.27,1650.716797,1650.716797,7806089579,ETHUSD
2023-02-09,1651.082275,1655.23,1537.18,1546.438232,1546.438232,10524969124,ETHUSD
2023-02-10,1546.596558,1553.33,1504.83,1514.869141,1514.869141,8397387897,ETHUSD
2023-02-11,1514.941895,1541.33,1510.15,1539.926758,1539.926758,5064007416,ETHUSD
2023-02-12,1539.776001,1545.55,1501.46,1515.033691,1515.033691,5319698775,ETHUSD
2023-02-13,1514.916992,1524.73,1470.02,1507.165894,1507.165894,9363855114,ETHUSD
2023-02-14,1506.992065,1562.03,1497.19,1556.875122,1556.875122,9249575045,ETHUSD
2023-02-15,1556.765137,1674.29,1545.69,1673.745972,1673.745972,10015035156,ETHUSD
2023-02-16,1673.867432,1732.8,1638.15,1640.067627,1640.067627,12704861676,ETHUSD
2023-02-17,1640.280151,1716.78,1636.17,1694.783325,1694.783325,9802443159,ETHUSD
2023-02-18,1694.741821,1705.31,1683.67,1691.819458,1691.819458,5491437195,ETHUSD
2023-02-19,1691.680176,1718.95,1673.91,1681.436157,1681.436157,6959144003,ETHUSD
2023-02-20,1682.337036,1716.49,1659.3,1702.675171,1702.675171,7703604237,ETHUSD
2023-02-21,1702.797852,1714.29,1642.4,1658.036377,1658.036377,8721608198,ETHUSD
2023-02-22,1658.140991,1664,1604.8,1643.231689,1643.231689,9189387004,ETHUSD
2023-02-23,1643.298584,1674.6,1632.57,1651.073853,1651.073853,9013236167,ETHUSD
2023-02-24,1650.895142,1661.09,1583.15,1608.373169,1608.373169,8909129423,ETHUSD
2023-02-25,1608.658325,1608.87,1567.63,1594.914917,1594.914917,5657686235,ETHUSD
2023-02-26,1594.761108,1645.27,1590.39,1640.817139,1640.817139,5727967432,ETHUSD
2023-02-27,1640.763672,1662.58,1615.39,1634.326416,1634.326416,7239824677,ETHUSD
2023-02-28,1634.502441,1644.44,1602.43,1605.895142,1605.895142,6323676957,ETHUSD
2023-03-01,1606.040405,1663.43,1601.55,1663.433716,1663.433716,7701847224,ETHUSD
2023-03-02,1663.549072,1672.05,1622.6,1647.319336,1647.319336,7080950926,ETHUSD
2023-03-03,1647.557739,1648.48,1552.45,1569.167603,1569.167603,9922240199,ETHUSD
2023-03-04,1569.278076,1575.64,1551.74,1566.92395,1566.92395,4389045367,ETHUSD
2023-03-05,1567.179321,1584.21,1559.95,1564.46875,1564.46875,5020886238,ETHUSD
2023-03-06,1564.383179,1579.46,1557.36,1567.398682,1567.398682,5245153345,ETHUSD
2023-03-07,1567.424683,1579.16,1543.13,1561.933105,1561.933105,6854058349,ETHUSD
2023-03-08,1561.977905,1568.18,1534.09,1534.088257,1534.088257,7130327525,ETHUSD
2023-03-09,1534.031616,1544.11,1423.26,1438.660767,1438.660767,9457897583,ETHUSD
2023-03-10,1438.760132,1438.76,1378.53,1429.158081,1429.158081,12665194936,ETHUSD
2023-03-11,1429.10083,1484.14,1428.72,1482.616699,1482.616699,14917080154,ETHUSD
2023-03-12,1482.431885,1607.15,1461.61,1590.292969,1590.292969,11480965122,ETHUSD
2023-03-13,1590.831177,1699.91,1572.07,1680.30896,1680.30896,15711468959,ETHUSD
2023-03-14,1680.295288,1779.92,1665.9,1703.50708,1703.50708,16159781303,ETHUSD
2023-03-15,1705.189941,1721.08,1616.63,1656.180542,1656.180542,12715339905,ETHUSD
2023-03-16,1656.332031,1693.14,1639.26,1677.215454,1677.215454,9364980166,ETHUSD
2023-03-17,1677.296753,1799.34,1667.13,1792.485107,1792.485107,12467445117,ETHUSD
2023-03-18,1793.592407,1840.36,1751.26,1761.659668,1761.659668,10317822213,ETHUSD
2023-03-19,1762.963257,1843.84,1762.96,1785.576538,1785.576538,9170565472,ETHUSD
2023-03-20,1785.41626,1807.73,1728.1,1735.321289,1735.321289,10978325507,ETHUSD
2023-03-21,1735.61792,1836.29,1725.01,1806.760742,1806.760742,10758627746,ETHUSD
2023-03-22,1804.957031,1821.46,1717.77,1737.717041,1737.717041,12484103560,ETHUSD
2023-03-23,1737.140869,1853.89,1732.52,1816.405151,1816.405151,11012966854,ETHUSD
2023-03-24,1815.819824,1819.94,1730.35,1752.0448,1752.0448,10913669383,ETHUSD
2023-03-25,1751.469482,1762.67,1716.65,1743.764771,1743.764771,6614309912,ETHUSD
2023-03-26,1743.842163,1797.88,1741.18,1775.676758,1775.676758,6990313307,ETHUSD
2023-03-27,1775.481323,1781.38,1690.52,1715.460815,1715.460815,8585750760,ETHUSD
2023-03-28,1715.327393,1791.11,1702.56,1772.785645,1772.785645,8346890042,ETHUSD
2023-03-29,1772.899902,1825.6,1772.9,1793.001831,1793.001831,9136176952,ETHUSD
2023-03-30,1793.345947,1827.28,1766.25,1792.737183,1792.737183,9724496987,ETHUSD
2023-03-31,1793.620117,1844.68,1783.14,1822.022095,1822.022095,9149379763,ETHUSD
2023-04-01,1821.704346,1840.17,1811.12,1813.860596,1813.860596,5556443606,ETHUSD
2023-04-02,1821.192139,1824.33,1774.87,1795.70813,1795.70813,6199721188,ETHUSD
2023-04-03,1794.922485,1839.16,1765.52,1810.297119,1810.297119,9643826401,ETHUSD
2023-04-04,1810.14209,1886.59,1802.96,1871.005127,1871.005127,10398322335,ETHUSD
2023-04-05,1870.965088,1937.5,1865.94,1909.114014,1909.114014,10319231689,ETHUSD
2023-04-06,1909.143555,1909.27,1857.09,1872.922607,1872.922607,8263191830,ETHUSD
2023-04-07,1872.734131,1882.3,1845.99,1865.636108,1865.636108,8356130492,ETHUSD
2023-04-08,1864.679077,1879.11,1848.88,1849.498169,1849.498169,5016362733,ETHUSD
2023-04-09,1849.672241,1873.06,1828.7,1859.387817,1859.387817,6361497715,ETHUSD
2023-04-10,1859.741211,1917.3,1848.16,1911.20752,1911.20752,8380134275,ETHUSD
2023-04-11,1911.375854,1936.73,1886.53,1892.189697,1892.189697,8877222956,ETHUSD
2023-04-12,1891.949707,1929.88,1860.04,1920.682129,1920.682129,11010714187,ETHUSD
2023-04-13,1917.698364,2022.15,1901.86,2012.634644,2012.634644,12546950499,ETHUSD
2023-04-14,2013.930664,2126.32,2011.5,2101.635498,2101.635498,16298099411,ETHUSD
2023-04-15,2101.616455,2111.08,2076.51,2092.466797,2092.466797,8036468153,ETHUSD
2023-04-16,2092.281006,2137.45,2076.83,2120.005859,2120.005859,7898126856,ETHUSD
2023-04-17,2120.001221,2120.11,2063.04,2076.24292,2076.24292,9648882546,ETHUSD
2023-04-18,2075.855225,2121.53,2057.65,2104.537354,2104.537354,9134015143,ETHUSD
2023-04-19,2103.946289,2104.86,1928.58,1936.403442,1936.403442,13779745451,ETHUSD
2023-04-20,1936.417969,1979.57,1918.13,1943.097656,1943.097656,11324135406,ETHUSD
2023-04-21,1943.409912,1955.65,1827.79,1849.999878,1849.999878,12044274581,ETHUSD
2023-04-22,1849.286499,1886.78,1845.85,1874.228638,1874.228638,6970642726,ETHUSD
2023-04-23,1874.171509,1882.23,1838.99,1862.062012,1862.062012,6607451862,ETHUSD
2023-04-24,1862.085327,1888.19,1811.79,1842.757446,1842.757446,8438191338,ETHUSD
2023-04-25,1842.204346,1877.48,1805.32,1866.753662,1866.753662,8677255481,ETHUSD
2023-04-26,1866.148926,1962.57,1792.46,1866.564209,1866.564209,14356524696,ETHUSD
2023-04-27,1866.693237,1936.95,1863.15,1908.786377,1908.786377,14008145806,ETHUSD
2023-04-28,1909.273071,1923.2,1876.29,1892.512817,1892.512817,7691759733,ETHUSD
2023-04-29,1892.565063,1916.97,1887.99,1908.916992,1908.916992,4796651246,ETHUSD
2023-04-30,1908.741333,1938.42,1876.92,1876.924316,1876.924316,6539641957,ETHUSD
2023-05-01,1868.891113,1886.21,1809.19,1831.954834,1831.954834,8625783201,ETHUSD
2023-05-02,1831.726563,1879.76,1824.33,1870.789307,1870.789307,7536785767,ETHUSD
2023-05-03,1870.687134,1915.5,1845.87,1904.651855,1904.651855,8306390869,ETHUSD
2023-05-04,1905.168945,1915.87,1868.63,1877.704102,1877.704102,6578438233,ETHUSD
2023-05-05,1877.83313,1998.41,1876.95,1995.060913,1995.060913,9498261360,ETHUSD
2023-05-06,1995.479126,2017.56,1870.61,1900.221802,1900.221802,9623243037,ETHUSD
2023-05-07,1899.917603,1934,1873.08,1873.076416,1873.076416,6883942236,ETHUSD
2023-05-08,1872.475098,1886.16,1818.45,1849.042725,1849.042725,9895102899,ETHUSD
2023-05-09,1849.061035,1860.67,1832.91,1848.603149,1848.603149,6129516088,ETHUSD
2023-05-10,1848.213501,1886.8,1795.67,1842.401489,1842.401489,9945549603,ETHUSD
2023-05-11,1842.492065,1842.49,1774.13,1796.490601,1796.490601,8353828312,ETHUSD
2023-05-12,1795.176636,1812.42,1742.4,1808.019775,1808.019775,9047198660,ETHUSD
2023-05-13,1808.375,1816.06,1788.48,1796.114868,1796.114868,4647630864,ETHUSD
2023-05-14,1796.10791,1823.49,1793.23,1800.500977,1800.500977,4711210241,ETHUSD
2023-05-15,1800.371216,1845.7,1787.54,1817.549927,1817.549927,6748889346,ETHUSD
2023-05-16,1816.824219,1830.35,1797.84,1824.12146,1824.12146,5595959668,ETHUSD
2023-05-17,1824.068359,1835.55,1786.67,1821.859619,1821.859619,6352161579,ETHUSD
2023-05-18,1822.068237,1831.45,1774.2,1801.728516,1801.728516,5673124255,ETHUSD
2023-05-19,1800.994385,1826.19,1797.43,1812.589478,1812.589478,4796110259,ETHUSD
2023-05-20,1812.766113,1829.01,1808.05,1820.478027,1820.478027,2951655969,ETHUSD
2023-05-21,1820.138062,1827.92,1799.95,1804.531372,1804.531372,3386768865,ETHUSD
2023-05-22,1804.841919,1826.7,1793.22,1817.53479,1817.53479,4534841049,ETHUSD
2023-05-23,1817.781128,1869.34,1816.29,1854.380615,1854.380615,6820047160,ETHUSD
2023-05-24,1854.299683,1854.3,1780.93,1800.099976,1800.099976,7101647419,ETHUSD
2023-05-25,1799.845215,1815.99,1763.37,1805.953735,1805.953735,6321689859,ETHUSD
2023-05-26,1805.725464,1837.87,1798.41,1828.689697,1828.689697,5451414258,ETHUSD
2023-05-27,1828.575684,1836.18,1817.49,1831.118286,1831.118286,3216737652,ETHUSD
2023-05-28,1831.098633,1915.72,1825.47,1910.914185,1910.914185,6359610561,ETHUSD
2023-05-29,1909.297485,1926.42,1879.08,1893.078125,1893.078125,5884674572,ETHUSD
2023-05-30,1893.09314,1916.57,1883.93,1901.026611,1901.026611,5363439784,ETHUSD
2023-05-31,1901.098267,1907.04,1852.09,1874.130493,1874.130493,5984512548,ETHUSD
2023-06-01,1873.914673,1887.71,1846.23,1862.201416,1862.201416,5640027197,ETHUSD
2023-06-02,1862.423706,1910.28,1851.96,1907.256592,1907.256592,6097746022,ETHUSD
2023-06-03,1907.420776,1908.82,1885.49,1892.412476,1892.412476,3472274607,ETHUSD
2023-06-04,1892.398193,1912.21,1885.65,1890.51355,1890.51355,3747042696,ETHUSD
2023-06-05,1890.417603,1890.64,1780.21,1811.828369,1811.828369,9246593033,ETHUSD
2023-06-06,1810.581421,1896.22,1801.41,1884.494873,1884.494873,8704411776,ETHUSD
2023-06-07,1884.372925,1893.81,1822.3,1832.395996,1832.395996,7919894455,ETHUSD
2023-06-08,1832.51355,1861.14,1830.17,1846.30188,1846.30188,4536041931,ETHUSD
2023-06-09,1846.077881,1854.82,1828.54,1840.22522,1840.22522,4610831509,ETHUSD
2023-06-10,1840.391968,1844.79,1721.44,1752.384766,1752.384766,10788500406,ETHUSD
2023-06-11,1752.527588,1776.85,1741.11,1753.415283,1753.415283,4559112981,ETHUSD
2023-06-12,1753.075439,1757.66,1722.91,1742.528687,1742.528687,6031384958,ETHUSD
2023-06-13,1742.390137,1761.96,1727.75,1739.037598,1739.037598,6214125203,ETHUSD
2023-06-14,1739.250122,1749.16,1637.19,1650.519287,1650.519287,7462905534,ETHUSD
2023-06-15,1650.498169,1676.41,1624.14,1665.519775,1665.519775,7328564880,ETHUSD
2023-06-16,1665.410645,1727.29,1653.17,1716.668823,1716.668823,6281023479,ETHUSD
2023-06-17,1716.671753,1766.76,1714.15,1727.204102,1727.204102,4875187477,ETHUSD
2023-06-18,1727.193726,1746.51,1718.11,1720.577515,1720.577515,3820038842,ETHUSD
2023-06-19,1720.505371,1745.13,1705.81,1737.659424,1737.659424,5210480121,ETHUSD
2023-06-20,1736.879761,1793.31,1715.34,1792.119995,1792.119995,7171072578,ETHUSD
2023-06-21,1791.994995,1898.67,1788.49,1891.007202,1891.007202,11731457711,ETHUSD
2023-06-22,1889.794434,1932.07,1867.88,1872.942993,1872.942993,8477657143,ETHUSD
2023-06-23,1872.540771,1932.53,1865.19,1892.862061,1892.862061,8290615074,ETHUSD
2023-06-24,1893.771973,1905.23,1867.81,1876.059692,1876.059692,5026191704,ETHUSD
2023-06-25,1875.849121,1929.08,1870.85,1900.506104,1900.506104,6937581709,ETHUSD
2023-06-26,1900.050293,1905.36,1840.22,1859.432861,1859.432861,8619702292,ETHUSD
2023-06-27,1859.346191,1911.31,1856.84,1889.703369,1889.703369,7686042202,ETHUSD
2023-06-28,1889.906494,1890.21,1822.1,1827.971191,1827.971191,7135265016,ETHUSD
2023-06-29,1828.059326,1876.53,1828.06,1852.227295,1852.227295,5677228612,ETHUSD
2023-06-30,1852.008423,1945.27,1831.28,1933.188965,1933.188965,12895131248,ETHUSD
2023-07-01,1933.323853,1942.7,1910.85,1924.565918,1924.565918,5136809625,ETHUSD
2023-07-02,1924.44812,1958.16,1895.91,1937.438354,1937.438354,6343966490,ETHUSD
2023-07-03,1937.883789,1974.78,1934.69,1955.38916,1955.38916,7858509087,ETHUSD
2023-07-04,1955.52417,1966.37,1932.61,1936.633545,1936.633545,5683423776,ETHUSD
2023-07-05,1936.796753,1942.43,1897.12,1910.588013,1910.588013,6034088075,ETHUSD
2023-07-06,1909.514038,1955.4,1901.67,1939.675659,1939.675659,6682600960,ETHUSD
2022-07-06,0.457668,0.46,0.45,0.462179,0.462179,622551308,ADAUSD
2022-07-07,0.46221,0.48,0.46,0.477812,0.477812,619107061,ADAUSD
2022-07-08,0.477817,0.49,0.46,0.467311,0.467311,827327238,ADAUSD
2022-07-09,0.46729,0.48,0.47,0.47876,0.47876,666827059,ADAUSD
2022-07-10,0.478771,0.48,0.46,0.46322,0.46322,612314122,ADAUSD
2022-07-11,0.463181,0.46,0.43,0.43552,0.43552,737643033,ADAUSD
2022-07-12,0.435581,0.44,0.42,0.417928,0.417928,707915451,ADAUSD
2022-07-13,0.417881,0.44,0.41,0.438108,0.438108,977278539,ADAUSD
2022-07-14,0.438057,0.44,0.42,0.441025,0.441025,861474952,ADAUSD
2022-07-15,0.441115,0.45,0.43,0.442456,0.442456,739541229,ADAUSD
2022-07-16,0.442445,0.46,0.43,0.45723,0.45723,653009372,ADAUSD
2022-07-17,0.457318,0.47,0.44,0.447353,0.447353,695937971,ADAUSD
2022-07-18,0.447415,0.5,0.45,0.492543,0.492543,1514608156,ADAUSD
2022-07-19,0.492078,0.52,0.47,0.515768,0.515768,1558576681,ADAUSD
2022-07-20,0.515801,0.55,0.49,0.491043,0.491043,1559480054,ADAUSD
2022-07-21,0.491071,0.5,0.48,0.500098,0.500098,929201777,ADAUSD
2022-07-22,0.500091,0.51,0.48,0.483946,0.483946,783147406,ADAUSD
2022-07-23,0.483727,0.52,0.48,0.517368,0.517368,837188756,ADAUSD
2022-07-24,0.51736,0.53,0.51,0.513814,0.513814,910596091,ADAUSD
2022-07-25,0.513763,0.51,0.48,0.47625,0.47625,747132740,ADAUSD
2022-07-26,0.476298,0.48,0.45,0.467607,0.467607,753266177,ADAUSD
2022-07-27,0.467713,0.51,0.46,0.510553,0.510553,1108377917,ADAUSD
2022-07-28,0.51058,0.52,0.49,0.513328,0.513328,1404871202,ADAUSD
2022-07-29,0.513228,0.54,0.51,0.523335,0.523335,1601170272,ADAUSD
2022-07-30,0.523219,0.55,0.51,0.525576,0.525576,1247885850,ADAUSD
2022-07-31,0.525593,0.54,0.51,0.51702,0.51702,875157898,ADAUSD
2022-08-01,0.517051,0.53,0.5,0.514123,0.514123,647889797,ADAUSD
2022-08-02,0.513907,0.51,0.49,0.496833,0.496833,709947033,ADAUSD
2022-08-03,0.496866,0.52,0.49,0.500988,0.500988,553477710,ADAUSD
2022-08-04,0.500975,0.51,0.49,0.499668,0.499668,499753654,ADAUSD
2022-08-05,0.499582,0.52,0.5,0.517503,0.517503,536832135,ADAUSD
2022-08-06,0.517564,0.52,0.51,0.511256,0.511256,370884770,ADAUSD
2022-08-07,0.511372,0.54,0.51,0.52747,0.52747,495713645,ADAUSD
2022-08-08,0.527488,0.55,0.52,0.536596,0.536596,782794306,ADAUSD
2022-08-09,0.536656,0.54,0.51,0.514052,0.514052,636681258,ADAUSD
2022-08-10,0.513992,0.54,0.5,0.537093,0.537093,816259967,ADAUSD
2022-08-11,0.537104,0.55,0.53,0.531258,0.531258,819277170,ADAUSD
2022-08-12,0.531195,0.54,0.52,0.540753,0.540753,538287825,ADAUSD
2022-08-13,0.540708,0.57,0.54,0.559813,0.559813,930190208,ADAUSD
2022-08-14,0.559819,0.59,0.56,0.570343,0.570343,1180283864,ADAUSD
2022-08-15,0.570386,0.58,0.55,0.551171,0.551171,876107175,ADAUSD
2022-08-16,0.551004,0.57,0.55,0.557915,0.557915,734187541,ADAUSD
2022-08-17,0.557921,0.58,0.53,0.537038,0.537038,1035477916,ADAUSD
2022-08-18,0.5373,0.54,0.51,0.512633,0.512633,642877241,ADAUSD
2022-08-19,0.512698,0.51,0.45,0.45098,0.45098,1294433367,ADAUSD
2022-08-20,0.450875,0.46,0.44,0.451388,0.451388,792647751,ADAUSD
2022-08-21,0.451266,0.47,0.45,0.463546,0.463546,616272980,ADAUSD
2022-08-22,0.463536,0.46,0.44,0.461446,0.461446,722091304,ADAUSD
2022-08-23,0.461483,0.47,0.45,0.465207,0.465207,562953519,ADAUSD
2022-08-24,0.465182,0.47,0.45,0.458109,0.458109,494717036,ADAUSD
2022-08-25,0.458108,0.47,0.46,0.464999,0.464999,525337287,ADAUSD
2022-08-26,0.464959,0.48,0.43,0.430863,0.430863,1299179883,ADAUSD
2022-08-27,0.431039,0.45,0.43,0.449703,0.449703,733099946,ADAUSD
2022-08-28,0.449719,0.45,0.43,0.430049,0.430049,519341943,ADAUSD
2022-08-29,0.43007,0.45,0.43,0.450703,0.450703,587946527,ADAUSD
2022-08-30,0.450736,0.46,0.44,0.452169,0.452169,640051711,ADAUSD
2022-08-31,0.452263,0.46,0.45,0.446665,0.446665,521553602,ADAUSD
2022-09-01,0.446677,0.46,0.44,0.457481,0.457481,582859437,ADAUSD
2022-09-02,0.457464,0.47,0.45,0.454559,0.454559,525812957,ADAUSD
2022-09-03,0.454534,0.48,0.45,0.480387,0.480387,778592386,ADAUSD
2022-09-04,0.480372,0.51,0.48,0.503084,0.503084,907968827,ADAUSD
2022-09-05,0.503168,0.51,0.48,0.499121,0.499121,646475147,ADAUSD
2022-09-06,0.499091,0.51,0.46,0.463066,0.463066,982012136,ADAUSD
2022-09-07,0.463011,0.48,0.46,0.479282,0.479282,693147052,ADAUSD
2022-09-08,0.479274,0.48,0.46,0.479274,0.479274,647768733,ADAUSD
2022-09-09,0.479253,0.5,0.48,0.50292,0.50292,858927416,ADAUSD
2022-09-10,0.502842,0.52,0.5,0.512422,0.512422,995666468,ADAUSD
2022-09-11,0.51238,0.52,0.5,0.509752,0.509752,705305295,ADAUSD
2022-09-12,0.509751,0.52,0.5,0.501546,0.501546,856809100,ADAUSD
2022-09-13,0.501495,0.51,0.46,0.468881,0.468881,1004511415,ADAUSD
2022-09-14,0.463912,0.49,0.46,0.481376,0.481376,737527013,ADAUSD
2022-09-15,0.481374,0.48,0.46,0.465644,0.465644,685227625,ADAUSD
2022-09-16,0.465703,0.47,0.46,0.474126,0.474126,558761609,ADAUSD
2022-09-17,0.474221,0.49,0.47,0.487156,0.487156,511814025,ADAUSD
2022-09-18,0.487091,0.49,0.44,0.447186,0.447186,677522389,ADAUSD
2022-09-19,0.447283,0.46,0.43,0.453504,0.453504,776470650,ADAUSD
2022-09-20,0.453543,0.45,0.44,0.441899,0.441899,544680283,ADAUSD
2022-09-21,0.441951,0.46,0.43,0.441159,0.441159,1223771049,ADAUSD
2022-09-22,0.440876,0.47,0.44,0.458966,0.458966,762487961,ADAUSD
2022-09-23,0.458951,0.48,0.45,0.461821,0.461821,1025328778,ADAUSD
2022-09-24,0.46183,0.47,0.45,0.4516,0.4516,582129449,ADAUSD
2022-09-25,0.451599,0.46,0.44,0.446188,0.446188,528836100,ADAUSD
2022-09-26,0.446299,0.45,0.44,0.446757,0.446757,630690579,ADAUSD
2022-09-27,0.446819,0.46,0.44,0.44189,0.44189,683067297,ADAUSD
2022-09-28,0.441782,0.44,0.43,0.43729,0.43729,618645006,ADAUSD
2022-09-29,0.437308,0.44,0.43,0.43817,0.43817,533583651,ADAUSD
2022-09-30,0.438183,0.44,0.43,0.434414,0.434414,562475136,ADAUSD
2022-10-01,0.434429,0.44,0.43,0.430293,0.430293,317805815,ADAUSD
2022-10-02,0.430284,0.43,0.42,0.419633,0.419633,404886268,ADAUSD
2022-10-03,0.419644,0.43,0.42,0.427998,0.427998,454947649,ADAUSD
2022-10-04,0.428003,0.44,0.43,0.435765,0.435765,443212603,ADAUSD
2022-10-05,0.435777,0.44,0.42,0.431273,0.431273,442089311,ADAUSD
2022-10-06,0.431265,0.44,0.43,0.428687,0.428687,429115801,ADAUSD
2022-10-07,0.428693,0.43,0.42,0.42432,0.42432,412845097,ADAUSD
2022-10-08,0.424253,0.43,0.42,0.421736,0.421736,295762328,ADAUSD
2022-10-09,0.421791,0.42,0.42,0.423072,0.423072,280279986,ADAUSD
2022-10-10,0.423054,0.43,0.4,0.401801,0.401801,522186013,ADAUSD
2022-10-11,0.401735,0.4,0.39,0.39054,0.39054,647675205,ADAUSD
2022-10-12,0.390583,0.4,0.38,0.3813,0.3813,470666876,ADAUSD
2022-10-13,0.381323,0.38,0.35,0.377638,0.377638,1059234268,ADAUSD
2022-10-14,0.377629,0.39,0.36,0.366851,0.366851,563104935,ADAUSD
2022-10-15,0.366849,0.37,0.36,0.363744,0.363744,349542728,ADAUSD
2022-10-16,0.363813,0.37,0.36,0.370281,0.370281,337167739,ADAUSD
2022-10-17,0.370271,0.38,0.37,0.372345,0.372345,360241999,ADAUSD
2022-10-18,0.372343,0.37,0.36,0.36182,0.36182,435708572,ADAUSD
2022-10-19,0.361892,0.36,0.35,0.350032,0.350032,430500856,ADAUSD
2022-10-20,0.350044,0.36,0.34,0.340254,0.340254,497190070,ADAUSD
2022-10-21,0.340251,0.35,0.33,0.349077,0.349077,513576018,ADAUSD
2022-10-22,0.349098,0.35,0.34,0.351409,0.351409,345854400,ADAUSD
2022-10-23,0.351398,0.36,0.35,0.362099,0.362099,394201921,ADAUSD
2022-10-24,0.362096,0.36,0.35,0.357857,0.357857,389895509,ADAUSD
2022-10-25,0.357838,0.41,0.36,0.401988,0.401988,1215554912,ADAUSD
2022-10-26,0.401672,0.41,0.4,0.403492,0.403492,761857225,ADAUSD
2022-10-27,0.403511,0.41,0.39,0.388697,0.388697,719088729,ADAUSD
2022-10-28,0.388671,0.41,0.38,0.404507,0.404507,618236710,ADAUSD
2022-10-29,0.404508,0.44,0.4,0.419778,0.419778,855151911,ADAUSD
2022-10-30,0.419864,0.42,0.4,0.406047,0.406047,577564479,ADAUSD
2022-10-31,0.40603,0.42,0.4,0.406336,0.406336,569992895,ADAUSD
2022-11-01,0.406289,0.41,0.4,0.401402,0.401402,452398724,ADAUSD
2022-11-02,0.401385,0.41,0.38,0.386076,0.386076,741360035,ADAUSD
2022-11-03,0.38606,0.4,0.39,0.38942,0.38942,445099982,ADAUSD
2022-11-04,0.389397,0.43,0.39,0.421525,0.421525,909794346,ADAUSD
2022-11-05,0.421525,0.44,0.42,0.426735,0.426735,701622249,ADAUSD
2022-11-06,0.426749,0.43,0.4,0.403005,0.403005,495843423,ADAUSD
2022-11-07,0.402966,0.42,0.4,0.404259,0.404259,554735710,ADAUSD
2022-11-08,0.404234,0.41,0.35,0.371834,0.371834,1420168187,ADAUSD
2022-11-09,0.371961,0.38,0.31,0.317837,0.317837,1446651845,ADAUSD
2022-11-10,0.317892,0.38,0.31,0.368977,0.368977,1353707790,ADAUSD
2022-11-11,0.368967,0.37,0.34,0.354667,0.354667,595121832,ADAUSD
2022-11-12,0.354899,0.36,0.34,0.339144,0.339144,389700815,ADAUSD
2022-11-13,0.339182,0.34,0.33,0.330127,0.330127,405636157,ADAUSD
2022-11-14,0.330123,0.34,0.32,0.331849,0.331849,484659345,ADAUSD
2022-11-15,0.331874,0.34,0.33,0.337009,0.337009,312070544,ADAUSD
2022-11-16,0.336964,0.34,0.33,0.332382,0.332382,279986402,ADAUSD
2022-11-17,0.332421,0.33,0.32,0.324859,0.324859,238288352,ADAUSD
2022-11-18,0.324869,0.33,0.32,0.326221,0.326221,223268757,ADAUSD
2022-11-19,0.326217,0.33,0.32,0.328512,0.328512,160053174,ADAUSD
2022-11-20,0.328513,0.33,0.31,0.312307,0.312307,241625735,ADAUSD
2022-11-21,0.3123,0.31,0.3,0.304548,0.304548,402254597,ADAUSD
2022-11-22,0.304524,0.32,0.3,0.311922,0.311922,303965817,ADAUSD
2022-11-23,0.311983,0.32,0.31,0.318317,0.318317,326001398,ADAUSD
2022-11-24,0.318333,0.32,0.31,0.316458,0.316458,221490892,ADAUSD
2022-11-25,0.31642,0.32,0.31,0.314989,0.314989,205372207,ADAUSD
2022-11-26,0.314953,0.32,0.31,0.31379,0.31379,206097213,ADAUSD
2022-11-27,0.313793,0.32,0.31,0.312454,0.312454,167898046,ADAUSD
2022-11-28,0.312464,0.31,0.3,0.3067,0.3067,268746809,ADAUSD
2022-11-29,0.306697,0.31,0.3,0.309372,0.309372,184241191,ADAUSD
2022-11-30,0.309385,0.32,0.31,0.318883,0.318883,272587134,ADAUSD
2022-12-01,0.318891,0.32,0.31,0.314484,0.314484,205527704,ADAUSD
2022-12-02,0.314494,0.32,0.31,0.319407,0.319407,189604155,ADAUSD
2022-12-03,0.3194,0.33,0.32,0.319654,0.319654,228514876,ADAUSD
2022-12-04,0.319633,0.32,0.32,0.32275,0.32275,174449332,ADAUSD
2022-12-05,0.322709,0.33,0.32,0.319517,0.319517,202743238,ADAUSD
2022-12-06,0.319513,0.32,0.31,0.318464,0.318464,162651156,ADAUSD
2022-12-07,0.318478,0.32,0.31,0.31032,0.31032,224226547,ADAUSD
2022-12-08,0.310321,0.32,0.31,0.314843,0.314843,164158396,ADAUSD
2022-12-09,0.314823,0.32,0.31,0.311677,0.311677,158935988,ADAUSD
2022-12-10,0.311708,0.31,0.31,0.312606,0.312606,95343947,ADAUSD
2022-12-11,0.312621,0.31,0.31,0.307711,0.307711,121149579,ADAUSD
2022-12-12,0.307699,0.31,0.3,0.306949,0.306949,180119689,ADAUSD
2022-12-13,0.306941,0.32,0.3,0.312865,0.312865,304333274,ADAUSD
2022-12-14,0.312916,0.32,0.31,0.308134,0.308134,255357209,ADAUSD
2022-12-15,0.30812,0.31,0.3,0.300201,0.300201,221898095,ADAUSD
2022-12-16,0.300207,0.3,0.26,0.26407,0.26407,415410448,ADAUSD
2022-12-17,0.264024,0.27,0.26,0.2669,0.2669,336512356,ADAUSD
2022-12-18,0.266926,0.27,0.26,0.266335,0.266335,178941855,ADAUSD
2022-12-19,0.266348,0.27,0.25,0.252944,0.252944,225101432,ADAUSD
2022-12-20,0.252961,0.26,0.25,0.259007,0.259007,187028227,ADAUSD
2022-12-21,0.258994,0.26,0.25,0.253154,0.253154,204481179,ADAUSD
2022-12-22,0.253158,0.26,0.25,0.256523,0.256523,174290867,ADAUSD
2022-12-23,0.256541,0.26,0.26,0.259429,0.259429,178906111,ADAUSD
2022-12-24,0.259427,0.26,0.26,0.259368,0.259368,90666010,ADAUSD
2022-12-25,0.259371,0.26,0.26,0.25927,0.25927,118238326,ADAUSD
2022-12-26,0.259293,0.27,0.26,0.265297,0.265297,151542330,ADAUSD
2022-12-27,0.265306,0.27,0.26,0.26037,0.26037,164331309,ADAUSD
2022-12-28,0.260384,0.26,0.25,0.248378,0.248378,209596269,ADAUSD
2022-12-29,0.24838,0.25,0.24,0.24414,0.24414,214425739,ADAUSD
2022-12-30,0.244126,0.25,0.24,0.245557,0.245557,159952057,ADAUSD
2022-12-31,0.245577,0.25,0.24,0.246466,0.246466,144122815,ADAUSD
2023-01-01,0.246414,0.25,0.24,0.249771,0.249771,113369989,ADAUSD
2023-01-02,0.249778,0.26,0.25,0.253828,0.253828,159328803,ADAUSD
2023-01-03,0.2538,0.26,0.25,0.252796,0.252796,153555529,ADAUSD
2023-01-04,0.252796,0.27,0.25,0.267677,0.267677,289945179,ADAUSD
2023-01-05,0.267689,0.27,0.26,0.269102,0.269102,175511469,ADAUSD
2023-01-06,0.26909,0.28,0.27,0.278652,0.278652,326480796,ADAUSD
2023-01-07,0.278664,0.28,0.27,0.277105,0.277105,166488086,ADAUSD
2023-01-08,0.277028,0.3,0.27,0.295218,0.295218,391160515,ADAUSD
2023-01-09,0.295414,0.34,0.3,0.317102,0.317102,957174794,ADAUSD
2023-01-10,0.317078,0.32,0.31,0.322496,0.322496,415469645,ADAUSD
2023-01-11,0.322502,0.32,0.31,0.322749,0.322749,323983138,ADAUSD
2023-01-12,0.327487,0.33,0.32,0.329758,0.329758,497343610,ADAUSD
2023-01-13,0.329755,0.35,0.32,0.345771,0.345771,365604016,ADAUSD
2023-01-14,0.345739,0.37,0.34,0.352552,0.352552,747126617,ADAUSD
2023-01-15,0.35262,0.35,0.34,0.350368,0.350368,358086150,ADAUSD
2023-01-16,0.350418,0.36,0.34,0.35004,0.35004,398812791,ADAUSD
2023-01-17,0.350087,0.36,0.35,0.345761,0.345761,296246243,ADAUSD
2023-01-18,0.345771,0.35,0.33,0.326835,0.326835,461982437,ADAUSD
2023-01-19,0.326841,0.34,0.33,0.339099,0.339099,252071129,ADAUSD
2023-01-20,0.339047,0.36,0.33,0.364586,0.364586,365358670,ADAUSD
2023-01-21,0.364589,0.38,0.36,0.369026,0.369026,609231750,ADAUSD
2023-01-22,0.369033,0.39,0.36,0.376594,0.376594,604497889,ADAUSD
2023-01-23,0.376591,0.38,0.37,0.375504,0.375504,526544110,ADAUSD
2023-01-24,0.37539,0.38,0.36,0.359297,0.359297,382547334,ADAUSD
2023-01-25,0.359345,0.38,0.35,0.37341,0.37341,396421939,ADAUSD
2023-01-26,0.373287,0.39,0.37,0.380059,0.380059,481117555,ADAUSD
2023-01-27,0.380056,0.39,0.37,0.388979,0.388979,360985598,ADAUSD
2023-01-28,0.388993,0.4,0.38,0.382351,0.382351,354272484,ADAUSD
2023-01-29,0.382346,0.4,0.38,0.396313,0.396313,328417772,ADAUSD
2023-01-30,0.396672,0.4,0.37,0.372511,0.372511,398952288,ADAUSD
2023-01-31,0.372546,0.4,0.37,0.390926,0.390926,466045236,ADAUSD
2023-02-01,0.390863,0.4,0.37,0.397243,0.397243,488339901,ADAUSD
2023-02-02,0.397189,0.41,0.4,0.397563,0.397563,551818110,ADAUSD
2023-02-03,0.397505,0.41,0.4,0.404336,0.404336,379100047,ADAUSD
2023-02-04,0.404233,0.41,0.4,0.399726,0.399726,264897945,ADAUSD
2023-02-05,0.399729,0.4,0.38,0.392472,0.392472,340587829,ADAUSD
2023-02-06,0.392477,0.4,0.38,0.382421,0.382421,343275735,ADAUSD
2023-02-07,0.382463,0.4,0.38,0.39921,0.39921,371684529,ADAUSD
2023-02-08,0.399213,0.4,0.39,0.394033,0.394033,356894107,ADAUSD
2023-02-09,0.394073,0.4,0.36,0.362531,0.362531,486448326,ADAUSD
2023-02-10,0.362464,0.37,0.36,0.358635,0.358635,357711042,ADAUSD
2023-02-11,0.358656,0.37,0.36,0.369202,0.369202,224047056,ADAUSD
2023-02-12,0.369166,0.37,0.36,0.364296,0.364296,241295741,ADAUSD
2023-02-13,0.364292,0.37,0.35,0.359627,0.359627,368832511,ADAUSD
2023-02-14,0.359571,0.39,0.36,0.386441,0.386441,476431370,ADAUSD
2023-02-15,0.386477,0.42,0.38,0.418115,0.418115,478319555,ADAUSD
2023-02-16,0.418061,0.42,0.39,0.387902,0.387902,552970408,ADAUSD
2023-02-17,0.387863,0.41,0.39,0.403943,0.403943,403546665,ADAUSD
2023-02-18,0.403928,0.42,0.4,0.406331,0.406331,314618907,ADAUSD
2023-02-19,0.406306,0.41,0.4,0.400107,0.400107,346665034,ADAUSD
2023-02-20,0.400151,0.41,0.39,0.404003,0.404003,375569552,ADAUSD
2023-02-21,0.404043,0.41,0.39,0.392417,0.392417,387686829,ADAUSD
2023-02-22,0.392437,0.39,0.38,0.388921,0.388921,383736395,ADAUSD
2023-02-23,0.388926,0.39,0.38,0.383023,0.383023,291434286,ADAUSD
2023-02-24,0.382975,0.38,0.36,0.365819,0.365819,396691064,ADAUSD
2023-02-25,0.365844,0.37,0.35,0.362364,0.362364,281884667,ADAUSD
2023-02-26,0.362391,0.37,0.36,0.368973,0.368973,207684310,ADAUSD
2023-02-27,0.36894,0.37,0.36,0.364899,0.364899,232732125,ADAUSD
2023-02-28,0.364887,0.37,0.35,0.352454,0.352454,240196843,ADAUSD
2023-03-01,0.352526,0.36,0.35,0.360356,0.360356,229659633,ADAUSD
2023-03-02,0.360372,0.36,0.35,0.350206,0.350206,245002411,ADAUSD
2023-03-03,0.350256,0.35,0.33,0.342737,0.342737,396068284,ADAUSD
2023-03-04,0.342753,0.34,0.33,0.336499,0.336499,173055989,ADAUSD
2023-03-05,0.33649,0.34,0.34,0.337102,0.337102,171839723,ADAUSD
2023-03-06,0.337099,0.34,0.33,0.330821,0.330821,225815313,ADAUSD
2023-03-07,0.33086,0.33,0.32,0.330483,0.330483,272117336,ADAUSD
2023-03-08,0.33047,0.33,0.32,0.317577,0.317577,293562114,ADAUSD
2023-03-09,0.317609,0.32,0.3,0.309678,0.309678,444234076,ADAUSD
2023-03-10,0.309748,0.32,0.3,0.315342,0.315342,469881853,ADAUSD
2023-03-11,0.315334,0.32,0.3,0.307327,0.307327,444484034,ADAUSD
2023-03-12,0.307319,0.33,0.3,0.331539,0.331539,375802348,ADAUSD
2023-03-13,0.331603,0.35,0.33,0.344585,0.344585,652883098,ADAUSD
2023-03-14,0.34458,0.37,0.34,0.344308,0.344308,594801973,ADAUSD
2023-03-15,0.344394,0.35,0.32,0.324637,0.324637,589352992,ADAUSD
2023-03-16,0.324767,0.33,0.32,0.325383,0.325383,342137034,ADAUSD
2023-03-17,0.325403,0.35,0.32,0.350524,0.350524,413038577,ADAUSD
2023-03-18,0.350535,0.36,0.34,0.337711,0.337711,367227473,ADAUSD
2023-03-19,0.337717,0.35,0.34,0.34601,0.34601,269005859,ADAUSD
2023-03-20,0.34596,0.35,0.33,0.332595,0.332595,322120843,ADAUSD
2023-03-21,0.332619,0.38,0.33,0.371236,0.371236,685951110,ADAUSD
2023-03-22,0.371193,0.39,0.35,0.360613,0.360613,792747065,ADAUSD
2023-03-23,0.360576,0.38,0.36,0.372045,0.372045,435026934,ADAUSD
2023-03-24,0.37206,0.37,0.36,0.360083,0.360083,305578157,ADAUSD
2023-03-25,0.360099,0.36,0.35,0.351996,0.351996,211460876,ADAUSD
2023-03-26,0.352001,0.36,0.35,0.356245,0.356245,219918828,ADAUSD
2023-03-27,0.356253,0.36,0.34,0.34551,0.34551,302198799,ADAUSD
2023-03-28,0.345565,0.37,0.34,0.368354,0.368354,319572685,ADAUSD
2023-03-29,0.368303,0.39,0.37,0.381589,0.381589,472185946,ADAUSD
2023-03-30,0.38161,0.39,0.37,0.376459,0.376459,391063045,ADAUSD
2023-03-31,0.376496,0.41,0.38,0.398923,0.398923,637648499,ADAUSD
2023-04-01,0.39888,0.4,0.38,0.385388,0.385388,355308379,ADAUSD
2023-04-02,0.393196,0.39,0.38,0.381753,0.381753,300032590,ADAUSD
2023-04-03,0.381735,0.4,0.37,0.387139,0.387139,617334084,ADAUSD
2023-04-04,0.387152,0.4,0.39,0.389683,0.389683,386367284,ADAUSD
2023-04-05,0.389689,0.4,0.39,0.392364,0.392364,303259182,ADAUSD
2023-04-06,0.392377,0.39,0.38,0.38321,0.38321,271945888,ADAUSD
2023-04-07,0.383202,0.38,0.38,0.383643,0.383643,191601659,ADAUSD
2023-04-08,0.383626,0.39,0.38,0.385635,0.385635,202832134,ADAUSD
2023-04-09,0.385665,0.39,0.39,0.389693,0.389693,198718327,ADAUSD
2023-04-10,0.389701,0.4,0.39,0.396989,0.396989,259765415,ADAUSD
2023-04-11,0.397045,0.41,0.4,0.401456,0.401456,445334495,ADAUSD
2023-04-12,0.401486,0.41,0.39,0.406563,0.406563,372409439,ADAUSD
2023-04-13,0.404869,0.43,0.4,0.425759,0.425759,517280941,ADAUSD
2023-04-14,0.425744,0.44,0.43,0.43833,0.43833,722237052,ADAUSD
2023-04-15,0.438338,0.46,0.43,0.45328,0.45328,588188293,ADAUSD
2023-04-16,0.453266,0.46,0.44,0.451755,0.451755,378398337,ADAUSD
2023-04-17,0.451758,0.45,0.43,0.434167,0.434167,467653074,ADAUSD
2023-04-18,0.434195,0.45,0.43,0.443752,0.443752,344714826,ADAUSD
2023-04-19,0.443726,0.44,0.41,0.415793,0.415793,572007595,ADAUSD
2023-04-20,0.415797,0.42,0.4,0.400731,0.400731,446305606,ADAUSD
2023-04-21,0.400725,0.41,0.38,0.382939,0.382939,423456899,ADAUSD
2023-04-22,0.382952,0.4,0.38,0.396153,0.396153,263309100,ADAUSD
2023-04-23,0.396119,0.4,0.38,0.389,0.389,238675240,ADAUSD
2023-04-24,0.388998,0.4,0.38,0.383916,0.383916,282707626,ADAUSD
2023-04-25,0.383914,0.39,0.38,0.394919,0.394919,286897325,ADAUSD
2023-04-26,0.39489,0.42,0.38,0.401498,0.401498,488881520,ADAUSD
2023-04-27,0.401504,0.42,0.4,0.409843,0.409843,398037704,ADAUSD
2023-04-28,0.409856,0.41,0.4,0.404932,0.404932,231694651,ADAUSD
2023-04-29,0.404918,0.41,0.4,0.402784,0.402784,156258897,ADAUSD
2023-04-30,0.402779,0.41,0.4,0.397354,0.397354,227002470,ADAUSD
2023-05-01,0.397281,0.4,0.38,0.386857,0.386857,273072699,ADAUSD
2023-05-02,0.386851,0.39,0.38,0.391773,0.391773,197535867,ADAUSD
2023-05-03,0.391768,0.4,0.38,0.393942,0.393942,262387946,ADAUSD
2023-05-04,0.393962,0.4,0.39,0.387448,0.387448,173399725,ADAUSD
2023-05-05,0.387454,0.4,0.39,0.394684,0.394684,213191196,ADAUSD
2023-05-06,0.394689,0.4,0.38,0.380119,0.380119,226511291,ADAUSD
2023-05-07,0.380088,0.38,0.38,0.376906,0.376906,156582718,ADAUSD
2023-05-08,0.376895,0.38,0.36,0.365828,0.365828,326851208,ADAUSD
2023-05-09,0.365794,0.37,0.36,0.363806,0.363806,196752939,ADAUSD
2023-05-10,0.363788,0.37,0.36,0.369937,0.369937,339570773,ADAUSD
2023-05-11,0.369957,0.37,0.35,0.360039,0.360039,243032648,ADAUSD
2023-05-12,0.360001,0.37,0.36,0.370463,0.370463,262170427,ADAUSD
2023-05-13,0.370474,0.37,0.36,0.365031,0.365031,131504736,ADAUSD
2023-05-14,0.365027,0.37,0.36,0.370761,0.370761,122914097,ADAUSD
2023-05-15,0.370787,0.38,0.37,0.367482,0.367482,176627170,ADAUSD
2023-05-16,0.367453,0.37,0.36,0.36783,0.36783,168825148,ADAUSD
2023-05-17,0.367841,0.38,0.37,0.375425,0.375425,222726188,ADAUSD
2023-05-18,0.375441,0.38,0.37,0.372078,0.372078,203250353,ADAUSD
2023-05-19,0.372036,0.37,0.37,0.368215,0.368215,133533511,ADAUSD
2023-05-20,0.368242,0.37,0.36,0.366357,0.366357,118748065,ADAUSD
2023-05-21,0.366352,0.37,0.36,0.360363,0.360363,116595379,ADAUSD
2023-05-22,0.360382,0.37,0.36,0.367997,0.367997,177956408,ADAUSD
2023-05-23,0.368004,0.38,0.37,0.370484,0.370484,141912382,ADAUSD
2023-05-24,0.3705,0.37,0.36,0.364234,0.364234,175329362,ADAUSD
2023-05-25,0.364219,0.36,0.36,0.358416,0.358416,157069344,ADAUSD
2023-05-26,0.358408,0.37,0.35,0.362884,0.362884,173562194,ADAUSD
2023-05-27,0.362873,0.37,0.36,0.366774,0.366774,106732324,ADAUSD
2023-05-28,0.36678,0.38,0.37,0.382999,0.382999,223363707,ADAUSD
2023-05-29,0.383026,0.39,0.38,0.379138,0.379138,190025476,ADAUSD
2023-05-30,0.379129,0.38,0.38,0.377934,0.377934,186645169,ADAUSD
2023-05-31,0.377937,0.38,0.37,0.374403,0.374403,193309518,ADAUSD
2023-06-01,0.374414,0.38,0.36,0.364724,0.364724,235187863,ADAUSD
2023-06-02,0.364709,0.38,0.36,0.378304,0.378304,202740337,ADAUSD
2023-06-03,0.378253,0.38,0.37,0.376028,0.376028,114085774,ADAUSD
2023-06-04,0.37604,0.38,0.38,0.377693,0.377693,139910794,ADAUSD
2023-06-05,0.377691,0.38,0.35,0.352015,0.352015,292202913,ADAUSD
2023-06-06,0.352002,0.36,0.34,0.353715,0.353715,262332330,ADAUSD
2023-06-07,0.353698,0.35,0.32,0.322278,0.322278,388306759,ADAUSD
2023-06-08,0.322262,0.33,0.32,0.323157,0.323157,249967035,ADAUSD
2023-06-09,0.323162,0.32,0.29,0.295401,0.295401,508063099,ADAUSD
2023-06-10,0.295378,0.3,0.23,0.276194,0.276194,1293643754,ADAUSD
2023-06-11,0.276047,0.28,0.26,0.27263,0.27263,507820127,ADAUSD
2023-06-12,0.272583,0.29,0.27,0.275048,0.275048,431423925,ADAUSD
2023-06-13,0.275054,0.29,0.27,0.274986,0.274986,319427367,ADAUSD
2023-06-14,0.27499,0.28,0.26,0.263226,0.263226,244895035,ADAUSD
2023-06-15,0.263234,0.27,0.25,0.261957,0.261957,256333352,ADAUSD
2023-06-16,0.261969,0.27,0.26,0.263185,0.263185,175866740,ADAUSD
2023-06-17,0.263187,0.27,0.26,0.266928,0.266928,171716790,ADAUSD
2023-06-18,0.266923,0.27,0.26,0.260963,0.260963,136453692,ADAUSD
2023-06-19,0.260968,0.26,0.26,0.263048,0.263048,142015570,ADAUSD
2023-06-20,0.263097,0.27,0.25,0.270329,0.270329,214174021,ADAUSD
2023-06-21,0.27033,0.29,0.27,0.287,0.287,343644852,ADAUSD
2023-06-22,0.286986,0.3,0.29,0.290313,0.290313,340493541,ADAUSD
2023-06-23,0.290343,0.3,0.29,0.296482,0.296482,245002154,ADAUSD
2023-06-24,0.296485,0.3,0.29,0.290012,0.290012,208155226,ADAUSD
2023-06-25,0.290002,0.3,0.29,0.292325,0.292325,225729335,ADAUSD
2023-06-26,0.292309,0.29,0.28,0.280354,0.280354,211210054,ADAUSD
2023-06-27,0.280354,0.29,0.28,0.28652,0.28652,196600613,ADAUSD
2023-06-28,0.286526,0.29,0.26,0.267169,0.267169,277304805,ADAUSD
2023-06-29,0.267162,0.28,0.27,0.275564,0.275564,195764456,ADAUSD
2023-06-30,0.275505,0.3,0.27,0.286956,0.286956,517537042,ADAUSD
2023-07-01,0.286957,0.29,0.28,0.29234,0.29234,227531987,ADAUSD
2023-07-02,0.292352,0.29,0.29,0.292055,0.292055,193472138,ADAUSD
2023-07-03,0.292042,0.3,0.29,0.296311,0.296311,196367871,ADAUSD
2023-07-04,0.296334,0.3,0.29,0.292615,0.292615,234604743,ADAUSD
2023-07-05,0.29262,0.3,0.28,0.284471,0.284471,231548975,ADAUSD
2023-07-06,0.283796,0.29,0.28,0.290868,0.290868,240200816,ADAUSD